host_s,ms,window,wtrans,V1,I1_mA,P1_W,V2,I2_mA,P2_W
0.016,368,0,0,5.028,451.0,2.2680,5.140,409.0,2.1000
0.036,388,0,0,5.044,449.6,2.2620,5.140,408.4,2.0980
0.057,408,0,0,5.028,451.2,2.2680,5.140,360.4,1.8480
0.077,428,0,0,5.048,417.1,2.1240,5.144,409.1,2.0980
0.098,448,0,0,5.056,413.7,2.1100,5.140,414.6,2.1200
0.118,468,0,0,5.044,414.1,2.0880,5.136,408.7,2.0980
0.135,488,0,0,5.048,419.2,2.1160,5.136,408.4,2.1080
0.155,508,0,0,5.048,418.7,2.1140,5.140,410.9,2.1040
0.176,528,0,0,5.060,423.6,2.1160,5.140,408.0,2.0900
0.196,548,0,0,5.048,416.9,2.1200,5.140,408.8,2.1140
0.217,568,0,0,5.048,417.1,2.1080,5.140,408.7,2.1360
0.237,588,0,0,5.044,418.6,2.1140,5.140,410.5,2.1080
0.257,608,0,0,5.048,416.7,2.1040,5.140,366.9,1.8780
0.278,628,0,0,5.080,412.3,2.1240,5.140,409.6,2.0940
0.295,648,0,0,5.052,415.2,2.1200,5.140,409.6,2.1040
0.315,668,0,0,5.052,419.2,2.1140,5.140,415.2,2.1040
0.335,688,0,0,5.048,413.6,2.0880,5.140,409.7,2.1000
0.356,708,0,0,5.052,414.3,2.0900,5.140,417.1,2.1340
0.376,728,0,0,5.048,425.4,2.1240,5.140,410.3,2.0900
0.397,748,0,0,5.048,416.5,2.0900,5.136,417.8,2.1340
0.417,768,0,0,5.044,418.6,2.1140,5.136,408.6,2.0980
0.438,788,0,0,5.044,418.2,2.1100,5.140,419.3,2.1440
0.458,808,0,0,5.048,420.4,2.0900,5.136,505.6,2.5820
0.475,828,0,0,5.008,460.1,2.3040,5.120,504.0,2.4580
0.496,848,0,0,5.044,418.7,2.0880,5.128,455.9,2.3300
0.516,868,0,0,5.044,417.4,2.1080,5.140,413.6,2.1200
0.537,888,0,0,5.044,415.6,2.0940,5.144,412.1,2.1080
0.561,908,0,0,5.048,420.7,2.0940,5.140,366.3,2.1800
0.577,928,0,0,5.044,426.0,2.3040,5.132,448.7,2.1260
0.599,948,0,0,5.048,414.7,2.1260,5.136,417.0,2.1340
0.619,968,0,0,5.048,421.4,2.1300,5.140,408.7,2.0980
0.635,988,0,0,5.052,416.8,2.1040,5.140,416.4,2.1300
0.655,1008,0,0,5.048,418.7,2.1080,5.152,394.0,2.0980
0.676,1028,0,0,5.048,414.7,2.1260,5.132,425.1,2.3780
0.696,1048,0,0,5.048,417.0,2.1240,5.144,408.1,2.0940
0.716,1068,0,0,5.048,420.3,2.1160,5.136,415.5,2.1260
0.737,1088,0,0,5.048,419.3,2.1160,5.140,410.8,2.0880
0.757,1108,0,0,5.044,415.2,2.1200,5.140,419.7,2.1300
0.778,1128,0,0,5.052,417.1,2.0980,5.140,410.0,2.1400
0.798,1148,0,0,5.052,421.4,2.0940,5.136,424.5,2.1720
0.815,1168,0,0,5.052,420.5,2.1200,5.140,408.3,2.0940
0.836,1188,0,0,5.048,418.5,2.1100,5.136,415.5,2.1340
0.856,1208,0,0,5.048,415.6,2.1000,5.152,408.1,2.0940
0.876,1228,0,0,5.044,416.3,2.0940,5.136,416.2,2.1340
0.897,1248,0,0,5.056,417.2,2.0940,5.140,408.6,2.0940
0.917,1268,0,0,5.044,420.1,2.1200,5.136,419.7,2.1460
0.938,1288,0,0,5.048,416.1,2.1000,5.140,407.8,2.1040
0.958,1308,0,0,5.044,419.6,2.1080,5.136,419.9,2.1340
0.975,1328,0,0,5.040,418.0,2.1080,5.140,409.4,2.1000
0.995,1348,0,0,5.052,414.7,2.1160,5.140,418.7,2.1440
1.015,1368,0,0,5.048,419.6,2.1160,5.140,410.4,2.0940
1.036,1388,0,0,5.048,419.3,2.1140,5.132,442.1,2.3360
1.056,1408,0,0,5.048,417.3,2.0880,5.140,441.3,2.2620
1.077,1428,0,0,5.040,422.7,2.1440,5.132,444.1,2.2700
1.097,1448,0,0,5.064,417.2,2.1140,5.136,441.5,2.2580
1.118,1468,0,0,5.048,419.6,2.1160,5.140,408.4,2.1000
1.138,1488,0,0,5.048,418.9,2.1140,5.136,410.1,2.0080
1.155,1508,0,0,5.048,415.3,2.1240,5.148,408.7,2.0940
1.175,1528,0,0,5.048,416.2,2.1200,5.140,406.9,2.0840
1.196,1548,0,0,5.080,418.8,2.1000,5.140,409.0,2.0980
1.216,1568,0,0,5.044,417.9,2.1100,5.140,408.9,2.0840
1.237,1588,0,0,5.048,418.1,2.1100,5.136,409.2,2.0940
1.257,1608,0,0,5.048,420.1,2.0940,5.144,410.5,2.1000
1.278,1628,0,0,5.044,415.0,2.1160,5.140,412.1,2.1080
1.298,1648,0,0,5.024,430.5,2.1240,5.140,409.4,2.1000
1.315,1668,0,0,5.048,418.7,2.1140,5.140,409.3,2.0840
1.335,1688,0,0,5.052,416.3,2.1000,5.140,409.6,2.1000
1.355,1708,0,0,5.048,419.3,2.1000,5.144,409.2,2.0980
1.376,1728,0,0,5.044,414.6,2.1100,5.140,409.5,2.1000
1.396,1748,0,0,5.008,461.2,2.3060,5.140,419.8,2.1040
1.417,1768,0,0,5.044,419.0,2.1140,5.136,409.1,2.1040
1.437,1788,0,0,5.044,419.8,2.1200,5.140,409.8,2.1000
1.458,1808,0,0,5.048,419.7,2.1040,5.136,464.4,2.3720
1.478,1828,0,0,5.048,419.8,2.1160,5.132,457.1,2.3460
1.495,1848,0,0,5.044,420.5,2.1300,5.124,496.8,2.5660
1.515,1868,0,0,5.044,420.6,2.1200,5.140,405.0,2.0800
1.536,1888,0,0,5.052,415.1,2.0940,5.144,409.3,2.1000
1.556,1908,0,0,5.048,417.1,2.1160,5.140,409.3,2.1000
1.577,1928,0,0,5.048,416.7,2.1160,5.136,410.5,2.1040
1.597,1948,0,0,5.048,415.7,2.1200,5.140,418.7,2.1440
1.617,1968,0,0,5.048,415.1,2.0940,5.140,408.3,2.0900
1.638,1988,0,0,5.040,416.5,2.1040,5.140,408.0,2.0940
1.655,2008,0,0,5.052,413.9,2.1040,5.136,417.2,2.0980
1.675,2028,0,0,5.048,418.5,2.0940,5.140,408.5,2.1000
1.695,2048,0,0,5.052,419.0,2.0940,5.136,416.1,2.1360
1.716,2068,0,0,5.052,417.6,2.1080,5.140,411.3,2.1040
1.737,2088,0,0,5.048,417.7,2.1080,5.140,364.2,1.8680
1.757,2108,0,0,5.044,415.1,2.1240,5.140,408.4,2.0980
1.777,2128,0,0,5.044,415.1,2.1240,5.132,436.5,2.1040
1.798,2148,0,0,5.044,419.9,2.1160,5.140,409.5,2.1000
1.818,2168,0,0,5.052,417.3,2.1080,5.140,416.7,2.1340
1.835,2188,0,0,5.048,417.4,2.1040,5.140,408.3,2.0420
1.855,2208,0,0,5.048,415.0,2.1200,5.140,418.2,2.1520
1.876,2228,0,0,5.048,415.3,2.1140,5.140,409.2,2.1040
1.896,2248,0,0,5.048,419.3,2.1140,5.140,415.6,2.1260
1.917,2268,0,0,5.076,418.5,2.1200,5.136,410.0,2.0980
1.937,2288,0,0,5.044,415.7,2.0980,5.140,414.8,1.8800
1.958,2308,0,0,5.044,420.8,2.0980,5.140,407.2,2.0980
1.978,2328,0,0,5.048,416.9,2.1040,5.136,423.2,2.1700
1.995,2348,0,0,5.048,419.9,2.1160,5.140,408.1,2.0900
2.015,2368,0,0,5.076,419.9,2.1260,5.140,417.3,2.1360
2.036,2388,0,0,5.044,418.8,2.1160,5.140,382.5,2.0420
2.056,2408,0,0,5.044,415.8,2.1240,5.140,416.0,2.1460
2.077,2428,0,0,5.044,415.3,2.1140,5.140,409.9,2.0980
2.097,2448,0,0,5.048,415.4,2.0980,5.136,422.1,2.1620
2.117,2468,0,0,5.036,416.8,2.1200,5.140,409.2,2.1000
2.138,2488,0,0,5.048,415.7,2.0980,5.140,414.2,1.8720
2.159,2508,0,0,5.048,415.0,2.1160,5.140,407.7,2.0940
2.175,2528,0,0,5.044,419.4,2.1140,5.140,417.4,2.1340
2.195,2548,0,0,5.048,420.7,2.1240,5.140,408.0,2.0900
2.216,2568,0,0,5.032,461.1,2.3140,5.136,421.9,2.1800
2.236,2588,0,0,5.048,415.9,2.1000,5.136,367.6,2.0980
2.257,2608,0,0,5.048,418.2,2.1080,5.140,415.3,2.1260
2.277,2628,0,0,5.048,419.4,2.1000,5.140,409.4,2.1000
2.298,2648,0,0,5.044,416.1,2.1000,5.136,418.6,2.1260
2.318,2668,0,0,5.044,425.7,2.1440,5.128,449.3,2.2940
2.335,2688,0,0,5.048,417.4,2.1080,5.136,419.1,1.9300
2.355,2708,0,0,5.044,418.9,2.0940,5.140,408.8,2.0940
2.376,2728,0,0,5.048,420.3,2.0940,5.140,418.2,2.1400
2.396,2748,0,0,5.048,417.0,2.1040,5.140,406.4,2.0900
2.416,2768,0,0,5.044,417.0,2.1040,5.136,428.6,2.3600
2.437,2788,0,0,5.048,415.6,2.0980,5.140,359.8,1.8480
2.457,2808,0,0,5.048,420.3,2.1000,5.120,511.0,2.6120
2.478,2828,0,0,5.044,417.3,2.0900,5.132,456.2,2.3920
2.498,2848,0,0,5.048,414.9,2.0940,5.132,455.1,2.3560
2.515,2868,0,0,5.044,414.4,2.0900,5.128,454.4,2.3400
2.535,2888,0,0,5.048,420.3,2.1200,5.140,383.2,1.9620
2.556,2908,0,0,5.048,416.5,2.1160,5.140,410.3,2.0980
2.576,2928,0,0,5.052,416.7,2.1000,5.140,408.6,2.1200
2.597,2948,0,0,5.048,415.3,2.0980,5.140,408.9,2.0980
2.617,2968,0,0,5.048,416.5,2.1000,5.140,408.9,2.0980
2.637,2988,0,0,5.052,417.2,2.1080,5.140,418.8,2.1400
2.658,3008,0,0,5.044,415.3,2.1200,5.128,467.6,2.3860
2.678,3028,0,0,5.048,416.1,2.0980,5.140,418.1,2.0980
2.695,3048,0,0,5.044,422.7,2.1360,5.136,407.7,2.1000
2.716,3068,0,0,5.048,414.3,2.0880,5.140,409.3,2.1000
2.736,3088,0,0,5.064,417.1,2.1080,5.140,396.4,2.0320
2.756,3108,0,0,5.028,451.5,2.2640,5.140,409.1,2.1000
2.777,3128,0,0,5.032,450.1,2.2740,5.140,409.6,2.0940
2.797,3148,0,0,5.028,450.6,2.2640,5.140,414.3,2.1260
2.818,3168,0,0,5.032,449.8,2.2580,5.140,409.3,2.0980
2.838,3188,0,0,5.112,413.0,2.0980,5.148,409.6,2.0940
2.855,3208,0,0,5.044,416.0,2.1100,5.140,408.9,2.1040
2.876,3228,0,0,5.044,413.7,2.1400,5.140,408.3,2.1100
2.896,3248,0,0,5.048,416.3,2.1000,5.136,408.5,2.0940
2.916,3268,0,0,5.040,416.8,2.1040,5.144,413.7,2.1160
2.937,3288,0,0,5.016,428.1,2.1720,5.144,369.4,2.0900
2.957,3308,0,0,5.048,418.8,2.0840,5.140,408.4,2.0940
2.977,3328,0,0,5.048,414.8,2.1200,5.136,410.0,2.1040
2.998,3348,0,0,5.044,418.6,2.1100,5.140,409.4,2.1000
3.019,3368,0,0,5.048,414.3,2.0900,5.140,408.3,2.0940
3.035,3388,0,0,5.012,462.6,2.2640,5.144,372.0,2.1160
3.056,3408,0,0,5.044,415.6,2.1200,5.136,409.4,2.1000
3.076,3428,0,0,5.048,419.9,2.0900,5.140,409.5,2.0980
3.097,3448,0,0,5.044,417.1,2.1040,5.140,410.4,2.0980
3.117,3468,0,0,5.044,415.3,2.0980,5.140,416.1,2.1140
3.137,3488,0,0,5.040,429.5,2.2980,5.136,441.9,2.1340
3.158,3508,0,0,5.048,419.7,2.0900,5.136,417.6,2.1440
3.178,3528,0,0,5.048,414.8,2.0980,5.144,407.9,2.0900
3.195,3548,0,0,5.044,415.2,2.0980,5.136,417.5,2.1360
3.215,3568,0,0,5.044,413.9,2.0900,5.140,408.8,2.0940
3.236,3588,0,0,5.040,416.9,2.1160,5.140,404.2,2.3360
3.256,3608,0,0,5.044,415.0,2.1160,5.136,410.2,2.1040
3.277,3628,0,0,5.048,418.7,2.0900,5.140,421.6,2.1560
3.297,3648,0,0,5.044,415.0,2.0940,5.140,409.0,2.1000
3.318,3668,0,0,5.044,417.7,2.1080,5.132,470.0,2.3820
3.338,3688,0,0,5.044,416.8,2.0940,5.140,411.6,2.1340
3.358,3708,0,0,5.048,417.8,2.0980,5.140,416.6,2.1300
3.375,3728,0,0,5.044,415.0,2.1240,5.140,411.9,2.1100
3.396,3748,0,0,5.056,414.9,2.0940,5.140,423.4,2.1360
3.416,3768,0,0,5.044,419.4,2.1160,5.136,409.3,2.0900
3.437,3788,0,0,5.048,420.5,2.1000,5.148,414.9,2.1260
3.457,3808,0,0,5.052,414.3,2.1100,5.132,454.1,2.3200
3.477,3828,0,0,5.048,420.4,2.1080,5.128,467.8,2.3780
3.498,3848,0,0,5.044,416.8,2.1080,5.132,454.9,2.3340
3.518,3868,0,0,5.044,420.5,2.1240,5.136,434.0,2.1080
3.535,3888,0,0,5.044,414.9,2.1100,5.144,408.9,2.0940
3.555,3908,0,0,5.056,412.6,2.1100,5.140,414.9,2.1240
3.576,3928,0,0,5.044,417.7,2.0880,5.132,458.1,2.3560
3.596,3948,0,0,5.052,418.9,2.1140,5.140,416.6,2.1360
3.617,3968,0,0,5.048,420.3,2.1200,5.140,408.8,2.0980
3.637,3988,0,0,5.052,415.4,2.1160,5.148,419.7,2.1440
3.657,4008,0,0,5.068,418.8,2.1100,5.144,407.2,2.0880
3.678,4028,0,0,5.044,415.0,2.0940,5.136,415.6,2.1360
3.698,4048,0,0,5.048,414.3,2.0900,5.140,409.3,2.1040
3.715,4068,0,0,5.048,417.1,2.1080,5.140,417.6,2.1400
3.736,4088,0,0,5.048,415.4,2.1100,5.140,409.1,2.0980
3.757,4108,0,0,5.072,423.6,2.1040,5.140,417.0,2.1620
3.776,4128,0,0,5.048,414.6,2.0940,5.140,410.0,2.1000
3.797,4148,0,0,5.040,419.4,2.1160,5.132,446.7,2.2900
3.817,4168,0,0,5.044,420.1,2.1200,5.132,441.0,2.2540
3.838,4188,0,0,5.052,420.4,2.0980,5.144,444.7,2.2740
3.858,4208,0,0,5.024,470.4,2.1920,5.136,442.7,2.2740
3.875,4228,0,0,5.048,420.2,2.1200,5.132,442.3,2.1160
3.895,4248,0,0,5.048,420.8,2.1240,5.144,408.2,2.0900
3.916,4268,0,0,5.048,415.5,2.1000,5.136,408.4,2.0940
3.936,4288,0,0,5.044,431.7,2.1400,5.140,409.3,2.1000
3.957,4308,0,0,5.004,464.5,2.3620,5.140,415.8,2.1040
3.977,4328,0,0,5.052,421.1,2.1260,5.140,411.9,2.1040
3.998,4348,0,0,5.048,415.6,2.0980,5.140,413.8,2.1160
4.018,4368,0,0,5.044,419.8,2.1160,5.136,408.4,2.0980
4.038,4388,0,0,5.044,415.0,2.1040,5.140,408.9,2.0980
4.055,4408,0,0,5.044,418.5,2.1600,5.132,450.6,2.3040
4.076,4428,0,0,5.044,414.8,2.0980,5.088,616.6,3.1360
4.096,4448,0,0,5.048,419.2,2.1160,5.096,653.8,3.3160
4.117,4468,0,0,5.048,418.9,2.1140,5.116,531.3,2.4840
4.137,4488,0,0,5.048,420.7,2.0940,5.128,453.8,2.3040
4.157,4508,0,0,5.044,420.2,2.1000,5.120,499.4,2.5560
4.178,4528,0,0,5.052,420.0,2.1240,5.084,559.9,2.8480
4.198,4548,0,0,5.048,415.7,2.0980,5.124,503.2,2.5660
4.215,4568,0,0,5.048,422.0,2.1300,5.128,456.5,2.3300
4.235,4588,0,0,5.040,418.8,2.0940,5.128,463.8,2.3260
4.256,4608,0,0,5.048,418.8,2.1100,5.108,574.3,2.9320
4.276,4628,0,0,5.048,417.6,2.1080,5.076,741.5,3.7480
4.297,4648,0,0,5.048,415.4,2.0940,5.068,742.8,3.7520
4.317,4668,0,0,5.052,414.2,2.0900,5.068,773.3,3.6840
4.338,4688,0,0,5.048,420.6,2.0900,5.072,739.7,3.7480
4.358,4708,0,0,5.052,420.3,2.0940,5.080,718.6,3.6380
4.379,4728,0,0,5.052,420.1,2.1240,5.068,773.9,3.9100
4.395,4748,0,0,5.048,416.1,2.1000,5.120,518.5,2.5980
4.415,4768,0,0,5.048,421.0,2.1260,5.132,451.8,2.1240
4.436,4788,0,0,5.048,417.4,2.0980,5.088,670.4,3.4040
4.457,4808,0,0,5.044,419.7,2.1000,5.116,620.5,3.1420
4.477,4828,0,0,5.076,418.0,2.1140,5.108,671.4,3.4120
4.497,4848,0,0,5.048,421.3,2.1260,5.080,729.7,3.5920
4.518,4868,0,0,5.048,420.0,2.1200,5.084,705.4,3.3220
4.538,4888,0,0,5.048,414.4,2.1140,5.076,721.6,3.6560
4.555,4908,0,0,5.044,418.3,2.0940,5.080,733.5,3.7100
4.576,4928,0,0,5.084,415.6,2.1100,5.084,679.2,3.2540
4.596,4948,0,0,5.044,421.6,2.1200,5.100,601.4,3.2440
4.616,4968,0,0,5.048,414.8,2.0940,5.088,640.7,3.4140
4.637,4988,0,0,5.048,419.1,2.0900,5.056,750.5,3.7920
4.657,5008,0,0,5.048,419.8,2.1000,5.016,961.4,4.8140
4.678,5028,0,0,5.024,456.4,2.2940,5.048,870.5,4.5840
4.698,5048,0,0,5.048,418.9,2.1140,5.008,1075.8,5.3960
4.718,5068,0,0,5.044,414.4,2.0900,5.012,1017.3,5.0920
4.735,5088,0,0,5.048,416.9,2.0900,5.012,1080.7,5.3900
4.756,5108,0,0,5.048,415.4,2.1160,5.012,1073.8,5.3640
4.776,5128,0,0,5.016,461.6,2.3160,5.008,1085.3,5.3640
4.796,5148,0,0,5.048,420.0,2.1160,5.012,1074.9,5.3880
4.817,5168,0,0,5.048,415.9,2.0980,5.008,1054.4,5.2720
4.837,5188,0,0,5.040,418.6,2.1200,5.008,1080.0,5.3880
4.858,5208,0,0,5.048,418.1,2.1140,5.012,1074.6,5.4400
4.878,5228,0,0,5.048,429.6,2.1560,5.008,1079.2,5.4500
4.895,5248,0,0,5.048,419.3,2.1140,5.008,1088.4,5.4420
4.915,5268,0,0,5.048,416.8,2.1040,5.012,1025.2,5.1080
4.936,5288,0,0,5.044,419.0,2.1040,5.008,1086.5,5.4200
4.956,5308,0,0,5.052,414.1,2.1140,5.008,1079.3,5.4100
4.977,5328,0,0,5.056,417.1,2.1040,5.000,1088.0,5.4460
4.997,5348,0,0,5.048,418.6,2.1100,5.008,1079.6,5.3940
5.018,5368,0,0,5.052,419.7,2.1200,5.008,1086.9,5.4260
5.038,5388,0,0,5.040,418.7,2.0980,5.008,1078.6,5.3900
5.058,5408,0,0,5.044,421.3,2.1000,5.008,1089.5,5.4520
5.075,5428,0,0,5.048,413.7,2.0880,5.004,1078.7,5.4040
5.095,5448,0,0,5.052,415.5,2.0980,5.008,1089.7,5.4300
5.116,5468,0,0,5.044,413.8,2.0880,5.008,1039.1,5.1880
5.136,5488,0,0,5.048,414.8,2.1240,5.004,1094.1,5.4460
5.157,5508,0,0,5.048,415.2,2.1000,5.008,1085.4,5.4260
5.177,5528,0,0,5.044,414.7,2.0940,5.012,1096.2,5.4720
5.198,5548,0,0,5.052,416.5,2.1040,5.008,1082.2,5.3940
5.218,5568,0,0,5.052,415.8,2.1100,5.012,1032.2,5.4520
5.239,5588,0,0,5.044,416.7,2.1200,5.008,1081.9,5.4140
5.255,5608,0,0,5.048,415.9,2.0940,5.004,1083.5,5.4620
5.276,5628,0,0,5.048,414.6,2.0900,5.012,1083.2,5.4060
5.296,5648,0,0,5.060,418.4,2.1140,5.008,1076.2,5.3680
5.317,5668,0,0,5.052,413.7,2.1200,5.016,1060.4,5.4340
5.337,5688,0,0,5.044,421.5,2.0980,5.008,1084.5,5.3900
5.358,5708,0,0,5.048,416.2,2.1200,5.008,1083.9,5.4160
5.378,5728,0,0,5.044,420.0,2.1200,5.008,1089.0,5.4260
5.398,5748,0,0,5.076,414.1,2.0940,5.008,1085.7,5.4200
5.415,5768,0,0,5.048,414.9,2.1140,5.016,1033.8,5.3880
5.436,5788,0,0,5.044,420.5,2.1440,5.008,1076.7,5.3880
5.456,5808,0,0,5.044,416.6,2.1200,5.012,1086.5,5.4200
5.476,5828,0,0,5.044,415.6,2.0980,5.012,1065.8,5.3220
5.497,5848,0,0,5.068,419.6,2.1360,5.016,1047.3,5.3520
5.517,5868,0,0,5.044,417.4,2.1140,5.020,1051.4,5.3160
5.538,5888,0,0,5.028,452.9,2.2680,5.008,1092.7,5.4700
5.558,5908,0,0,5.028,451.5,2.2700,5.008,1087.1,5.4240
5.579,5928,0,0,5.024,450.9,2.2640,5.008,1085.5,5.4200
5.595,5948,0,0,4.988,471.7,2.3860,5.008,1087.1,5.4340
5.616,5968,0,0,5.044,416.8,2.1000,5.008,1087.1,5.4360
5.636,5988,0,0,5.048,419.1,2.0980,5.008,1086.3,5.4240
5.657,6008,0,0,5.044,416.9,2.1040,5.012,1085.8,5.4160
5.677,6028,0,0,5.052,420.6,2.1240,5.004,1087.5,5.3940
5.698,6048,0,0,5.040,461.3,2.3140,5.012,1091.3,5.4340
5.718,6068,0,0,5.048,419.1,2.0900,5.016,1083.9,5.4240
5.738,6088,0,0,5.048,416.1,2.1200,5.008,1087.6,5.4260
5.755,6108,0,0,5.044,420.2,2.1040,5.008,1086.3,5.4260
5.776,6128,0,0,5.056,415.1,2.0940,5.008,1086.4,5.4160
5.796,6148,0,0,5.044,416.7,2.1040,5.004,1086.6,5.4260
5.816,6168,0,0,5.048,414.3,2.1260,5.020,1084.2,5.4160
5.837,6188,0,0,5.048,417.3,2.1160,5.012,1080.8,5.3900
5.857,6208,0,0,5.048,416.9,2.1260,5.008,1083.3,5.4100
5.878,6228,0,0,5.048,415.3,2.0980,5.004,1086.5,5.4340
5.898,6248,0,0,5.052,415.2,2.0980,5.004,1085.4,5.4260
5.924,6268,0,0,5.048,420.2,2.1040,5.016,1086.7,5.4200
5.937,6288,0,0,5.048,414.4,2.1200,5.004,1093.2,5.4560
5.957,6308,0,0,5.048,419.4,2.0900,5.008,1096.8,5.4460
5.976,6328,0,0,5.048,419.7,2.1200,5.004,1089.2,5.4500
5.997,6348,0,0,5.052,414.6,2.0940,5.004,1097.7,5.4780
6.017,6368,0,0,5.044,414.2,2.1240,5.020,1088.3,5.4300
6.037,6388,0,0,5.044,420.2,2.0980,5.008,1094.9,5.4720
6.058,6408,0,0,5.044,415.5,2.1140,5.008,1079.4,5.4340
6.078,6428,0,0,5.052,420.2,2.1200,5.004,1095.4,5.4720
6.095,6448,0,0,5.044,415.2,2.0980,5.008,1088.0,5.4340
6.115,6468,0,0,5.056,416.0,2.1000,5.012,1093.1,5.4560
6.136,6488,0,0,5.044,419.4,2.1100,5.008,1085.5,5.4400
6.156,6508,0,0,5.052,420.3,2.1000,5.008,1096.6,5.4820
6.177,6528,0,0,5.048,416.0,2.1000,5.008,1086.3,5.4340
6.197,6548,0,0,5.048,417.2,2.1080,5.008,1093.7,5.4560
6.218,6568,0,0,5.068,418.5,2.0940,5.008,1075.7,5.3640
6.238,6588,0,0,5.044,418.8,2.1300,5.008,1084.8,5.3840
6.259,6608,0,0,5.048,415.1,2.0940,5.008,1077.3,5.3900
6.275,6628,0,0,5.048,418.4,2.1140,5.004,1095.4,5.4700
6.296,6648,0,0,5.044,415.8,2.0980,5.008,1077.7,5.3880
6.316,6668,0,0,5.084,412.4,2.1200,5.008,1094.9,5.4760
6.337,6688,0,0,5.044,420.3,2.0940,5.008,1088.2,5.4460
6.357,6708,0,0,5.044,414.7,2.0940,5.004,1086.8,5.4340
6.378,6728,0,0,5.048,417.2,2.1080,5.008,1074.8,5.3700
6.398,6748,0,0,5.048,420.5,2.1240,5.004,1081.9,5.4000
6.418,6768,0,0,5.028,425.0,2.1300,5.004,1085.6,5.4300
6.435,6788,0,0,5.040,417.9,2.1160,5.004,1091.7,5.4160
6.456,6808,0,0,5.048,418.6,2.1140,5.012,1078.4,5.3940
6.476,6828,0,0,5.044,414.9,2.0940,5.012,1070.6,5.3440
6.496,6848,0,0,5.048,419.2,2.1140,5.012,1068.7,5.3160
6.517,6868,0,0,5.000,464.3,2.3140,5.008,1085.0,5.4260
6.537,6888,0,0,5.052,419.6,2.0880,5.008,1087.0,5.4360
6.558,6908,0,0,5.044,415.6,2.0980,5.008,1096.2,5.4700
6.578,6928,0,0,5.048,419.0,2.1200,5.000,1125.3,5.6140
6.599,6948,0,0,5.048,415.2,2.0940,5.004,1133.1,5.4040
6.615,6968,0,0,5.040,423.0,2.1400,5.000,1124.7,5.6100
6.636,6988,0,0,5.052,420.7,2.0980,5.000,1126.0,5.6160
6.656,7008,0,0,5.052,418.7,2.1140,5.008,1088.4,5.4300
6.677,7028,0,0,5.044,415.1,2.0940,5.012,1087.1,5.4500
6.697,7048,0,0,5.052,413.7,2.0880,5.016,1047.0,5.1320
6.718,7068,0,0,5.040,422.5,2.0980,5.012,1048.9,5.3580
6.738,7088,0,0,5.048,415.4,2.1140,5.016,1045.7,5.2300
6.758,7108,0,0,5.044,422.0,2.1340,5.016,1046.1,5.2300
6.775,7128,0,0,5.048,420.8,2.1240,5.020,1046.0,5.2360
6.795,7148,0,0,5.048,420.1,2.1200,5.012,1044.1,4.9700
6.816,7168,0,0,5.040,416.7,2.1080,5.024,1041.0,5.2140
6.836,7188,0,0,5.048,414.7,2.1100,5.020,1044.6,5.2200
6.857,7208,0,0,5.040,419.2,2.1160,5.016,1047.7,5.2240
6.877,7228,0,0,5.052,421.0,2.1260,5.016,1035.7,5.1840
6.898,7248,0,0,5.048,420.1,2.1200,5.008,1007.7,5.2240
6.918,7268,0,0,5.048,419.1,2.1000,5.012,1046.0,5.2300
6.939,7288,0,0,5.060,418.5,2.1000,5.016,1048.0,5.2360
6.955,7308,0,0,5.048,417.6,2.1080,5.016,1042.2,5.1800
6.976,7328,0,0,5.044,418.2,2.1100,5.016,1045.3,5.2420
6.996,7348,0,0,5.044,421.7,2.1340,5.012,1049.5,5.2700
7.017,7368,0,0,5.044,415.7,2.1080,5.020,1047.6,5.2300
7.037,7388,0,0,5.068,411.7,2.1100,5.020,1047.0,5.2360
7.058,7408,0,0,5.048,415.9,2.1000,5.016,1045.1,5.2400
7.078,7428,0,0,5.048,418.5,2.1100,5.016,1051.4,5.2420
7.098,7448,0,0,5.048,419.3,2.1160,5.016,995.8,4.9900
7.115,7468,0,0,5.048,413.8,2.1140,5.020,1047.0,5.2300
7.135,7488,0,0,5.084,415.1,2.1040,5.016,1047.9,5.2520
7.156,7508,0,0,5.044,414.5,2.0940,5.016,1046.2,5.2400
7.176,7528,0,0,5.044,415.0,2.0940,5.008,1049.5,5.2600
7.197,7548,0,0,5.044,418.7,2.1100,5.016,1014.5,5.0700
7.217,7568,0,0,5.048,414.7,2.1160,5.016,1049.3,5.2460
7.238,7588,0,0,5.076,415.6,2.1100,5.012,1047.4,5.2360
7.258,7608,0,0,5.048,417.8,2.1080,5.016,1048.4,5.2500
7.279,7628,0,0,5.060,415.3,2.0980,5.016,1048.2,5.2400
7.295,7648,0,0,5.044,417.9,2.1100,5.012,995.8,4.9780
7.316,7668,0,0,5.044,416.3,2.1140,5.016,1049.4,5.2400
7.336,7688,0,0,5.012,461.1,2.2900,5.012,1055.8,5.2620
7.357,7708,0,0,5.044,417.6,2.1100,5.012,1037.0,5.1980
7.377,7728,0,0,5.044,414.5,2.0900,5.012,1055.2,5.2720
7.397,7748,0,0,5.044,419.2,2.1200,5.016,1028.7,5.1440
7.418,7768,0,0,5.048,415.4,2.1140,5.012,1052.0,5.2820
7.438,7788,0,0,5.040,430.2,2.3000,5.004,1087.6,5.2560
7.455,7808,0,0,5.048,418.4,2.1140,5.012,1049.3,5.2600
7.476,7828,0,0,5.048,417.1,2.1040,5.020,1028.3,5.1380
7.496,7848,0,0,5.048,415.1,2.1100,5.024,985.4,5.1900
7.516,7868,0,0,5.048,414.9,2.1040,5.020,1030.0,5.1540
7.537,7888,0,0,5.040,420.7,2.1240,5.004,1098.1,5.4860
7.557,7908,0,0,5.044,419.2,2.1160,5.016,1052.9,5.2660
7.578,7928,0,0,5.052,419.9,2.1160,5.016,1050.2,5.2420
7.598,7948,0,0,5.040,417.8,2.1100,5.020,1007.5,5.2140
7.618,7968,0,0,5.052,417.9,2.1080,5.016,1054.7,5.2820
7.635,7988,0,0,5.052,420.0,2.1460,5.016,1044.7,5.2260
7.656,8008,0,0,5.048,416.0,2.1000,5.016,1056.1,5.2700
7.676,8028,0,0,5.048,420.2,2.1200,5.016,1047.9,5.2400
7.697,8048,0,0,5.052,420.9,2.1040,5.020,1008.3,5.2980
7.717,8068,0,0,5.044,421.0,2.1040,5.016,1040.0,5.2040
7.738,8088,0,0,5.048,418.1,2.1080,5.012,1044.3,5.2200
7.758,8108,0,0,5.048,419.0,2.1160,5.016,1050.2,5.2420
7.778,8128,0,0,5.044,418.8,2.1140,5.016,1054.4,5.2760
7.799,8148,0,0,5.048,419.3,2.0840,5.024,1047.1,5.2460
7.819,8168,0,0,5.048,417.9,2.1000,5.012,1055.1,5.2860
7.840,8188,0,0,5.056,419.4,2.0880,5.016,1043.5,5.2140
7.856,8208,0,0,5.072,418.7,2.1160,5.012,1055.2,5.2700
7.877,8228,0,0,5.048,415.4,2.0940,5.020,1046.6,5.2400
7.897,8248,0,0,5.052,418.3,2.1140,5.024,1021.4,5.2860
7.918,8268,0,0,5.048,416.5,2.1140,5.020,1046.5,5.2300
7.938,8288,0,0,5.044,415.3,2.1140,5.020,1056.5,5.2760
7.959,8308,0,0,5.080,415.0,2.1000,5.016,1046.1,5.2340
7.979,8328,0,0,5.056,415.5,2.0980,5.012,1056.8,5.2920
8.000,8348,0,0,5.048,415.9,2.1040,5.020,1038.6,5.2060
8.016,8368,0,0,5.044,414.9,2.1040,5.016,1044.2,5.2140
8.037,8388,0,0,5.048,414.6,2.1260,5.016,1044.7,5.2240
8.057,8408,0,0,5.068,413.1,2.1000,5.020,1042.7,5.2060
8.078,8428,0,0,5.044,417.0,2.1040,5.012,1049.7,5.2560
8.098,8448,0,0,5.048,420.4,2.0980,5.020,1029.2,5.1440
8.118,8468,0,0,5.048,422.5,2.1160,5.020,1044.7,5.2240
8.139,8488,0,0,5.052,414.7,2.0900,5.016,1046.1,5.2300
8.159,8508,0,0,5.012,441.4,2.2340,5.016,1046.1,5.2400
8.180,8528,0,0,5.048,414.8,2.0940,5.016,1048.2,5.2500
8.197,8548,0,0,5.044,417.3,2.0980,5.024,1046.4,5.2260
8.217,8568,0,0,5.048,414.1,2.1040,5.016,1046.5,5.2340
8.237,8588,0,0,5.040,415.2,2.0940,5.016,1046.3,5.2360
8.258,8608,0,0,5.036,461.8,2.3140,5.012,1053.9,5.2420
8.278,8628,0,0,5.048,414.2,2.0900,5.016,1046.1,5.2340
8.299,8648,0,0,5.032,449.9,2.2680,5.024,1035.9,5.1800
8.319,8668,0,0,5.028,452.0,2.2680,5.016,1045.2,5.2300
8.339,8688,0,0,5.028,452.7,2.2780,5.016,1044.1,5.2340
8.356,8708,0,0,5.032,452.6,2.2740,5.008,1090.6,5.4560
8.377,8728,0,0,5.064,415.8,2.1000,5.016,1047.7,5.2400
8.397,8748,0,0,5.044,418.9,2.1000,5.024,1046.7,5.2300
8.418,8768,0,0,5.048,415.0,2.1100,5.020,1046.7,5.2400
8.438,8788,0,0,5.048,419.6,2.1140,5.016,1044.3,5.2300
8.458,8808,0,0,5.040,416.8,2.1080,5.012,1049.3,5.2600
8.479,8828,0,0,5.044,416.0,2.1000,5.020,1028.3,5.1420
8.499,8848,0,0,5.048,416.7,2.1080,5.028,1031.9,5.1620
8.520,8868,0,0,5.052,417.4,2.1040,5.016,1044.7,5.2500
8.536,8888,0,0,5.048,420.7,2.1240,5.012,1047.0,5.2400
8.557,8908,0,0,5.048,423.9,2.1340,5.020,1047.3,5.2360
8.577,8928,0,0,5.052,415.3,2.0980,5.016,1048.6,5.2420
8.598,8948,0,0,5.048,413.7,2.1140,5.012,1046.6,5.2420
8.618,8968,0,0,5.048,420.7,2.0900,5.012,1048.9,5.2500
8.639,8988,0,0,5.044,421.1,2.1300,5.016,1059.0,5.3080
8.659,9008,0,0,5.048,418.7,2.1140,5.012,1058.4,5.2880
8.679,9028,0,0,5.060,416.9,2.1040,5.004,1096.9,5.4760
8.696,9048,0,0,5.048,416.2,2.0980,5.012,1098.6,5.4920
8.717,9068,0,0,5.052,419.4,2.1000,5.004,1098.7,5.4600
8.737,9088,0,0,5.048,421.2,2.1260,5.008,1092.6,5.4600
8.757,9108,0,0,5.048,415.4,2.0980,5.004,1098.4,5.4780
8.778,9128,0,0,5.064,415.4,2.1000,5.008,1091.1,5.3060
8.798,9148,0,0,5.052,419.1,2.0980,5.008,1099.8,5.4960
8.819,9168,0,0,5.044,421.6,2.1040,5.004,1092.4,5.4660
8.839,9188,0,0,5.044,415.3,2.0980,5.008,1098.1,5.4780
8.860,9208,0,0,5.052,417.4,2.1100,5.008,1093.2,5.4560
8.876,9228,0,0,5.080,414.7,2.1080,5.004,1101.7,5.5120
8.897,9248,0,0,5.052,418.8,2.0980,5.008,1091.4,5.4500
8.917,9268,0,0,5.044,414.3,2.1100,5.004,1098.4,5.4880
8.938,9288,0,0,5.052,415.0,2.0940,5.008,1091.6,5.4460
8.958,9308,0,0,5.048,417.7,2.1100,5.008,1093.4,5.4920
8.979,9328,0,0,5.040,416.6,2.1160,5.008,1093.4,5.2460
8.999,9348,0,0,5.044,419.4,2.1140,5.004,1091.7,5.4620
9.019,9368,0,0,5.048,417.3,2.0900,5.012,1089.6,5.4400
9.036,9388,0,0,5.048,419.8,2.1200,5.004,1099.1,5.4860
9.057,9408,0,0,5.048,416.6,2.1000,5.008,1092.8,5.4420
9.077,9428,0,0,5.008,457.9,2.3060,5.004,1098.3,5.2820
9.098,9448,0,0,5.048,421.0,2.0980,5.008,1094.3,5.4660
9.118,9468,0,0,5.048,414.8,2.1140,5.004,1099.2,5.4780
9.138,9488,0,0,5.048,415.0,2.0900,5.008,1091.3,5.4420
9.159,9508,0,0,5.056,420.3,2.1200,5.004,1099.1,5.4920
9.179,9528,0,0,5.048,425.6,2.1440,5.000,1093.2,5.2200
9.200,9548,0,0,5.044,416.3,2.0940,5.008,1099.7,5.4880
9.216,9568,0,0,5.048,416.1,2.1200,5.008,1094.1,5.4620
9.237,9588,0,0,5.052,420.2,2.1160,5.004,1098.3,5.4920
9.257,9608,0,0,5.044,417.0,2.1040,5.008,1093.5,5.4700
9.278,9628,0,0,5.048,416.6,2.1000,5.004,1091.4,5.4700
9.298,9648,0,0,5.048,419.9,2.0940,5.008,1091.9,5.4460
9.318,9668,0,0,5.048,416.8,2.0900,5.004,1100.5,5.4960
9.339,9688,0,0,5.044,417.9,2.1100,5.000,1121.9,5.5900
9.360,9708,0,0,5.048,417.1,2.1080,4.996,1139.3,5.6680
9.376,9728,0,0,5.048,420.1,2.1200,5.004,1117.6,5.5740
9.397,9748,0,0,5.048,417.8,2.0900,4.996,1139.4,5.6680
9.417,9768,0,0,5.048,413.8,2.1160,5.008,1091.2,5.4500
9.438,9788,0,0,5.040,415.4,2.0980,5.008,1092.0,5.5120
9.458,9808,0,0,5.040,417.2,2.1040,5.004,1067.8,5.3440
9.478,9828,0,0,5.048,422.4,2.1300,5.012,1032.8,5.1620
9.499,9848,0,0,5.052,415.1,2.1140,5.012,1061.9,5.3080
9.519,9868,0,0,5.044,415.2,2.1100,5.008,1076.9,5.4400
9.540,9888,0,0,5.048,421.3,2.1260,5.008,1080.6,5.4040
9.556,9908,0,0,5.048,414.1,2.0880,5.008,1083.6,5.4140
9.577,9928,0,0,5.052,419.8,2.1200,5.008,1037.7,5.1780
9.597,9948,0,0,5.064,413.5,2.1040,5.008,1090.9,5.4720
9.618,9968,0,0,5.052,419.1,2.1140,5.008,1092.0,5.4620
9.638,9988,0,0,5.048,414.6,2.0900,5.004,1092.6,5.4560
9.659,10008,0,0,5.056,420.8,2.1240,5.008,1083.3,5.4040
9.679,10028,0,0,5.048,413.9,2.0880,5.008,1050.1,5.2460
9.699,10048,0,0,5.076,413.7,2.1080,5.004,1091.5,5.4520
9.720,10068,0,0,5.048,421.5,2.1040,5.004,1093.3,5.4600
9.737,10088,0,0,5.056,413.9,2.0900,5.008,1094.5,5.4700
9.757,10108,0,0,5.048,415.0,2.0940,5.008,1092.4,5.4500
9.777,10128,0,0,5.048,416.2,2.1200,5.004,1093.3,5.2360
9.798,10148,0,0,5.076,418.8,2.0940,5.008,1092.4,5.4620
9.818,10168,0,0,5.048,415.2,2.1200,5.004,1083.3,5.4200
9.839,10188,0,0,5.048,420.3,2.1200,5.008,1090.4,5.4420
9.859,10208,0,0,5.048,417.2,2.1080,5.008,1092.0,5.4460
9.880,10228,0,0,5.048,413.9,2.1100,5.008,1041.4,5.4620
9.896,10248,0,0,5.012,459.6,2.3240,5.008,1089.2,5.4560
9.917,10268,0,0,5.040,416.2,2.1000,5.004,1093.5,5.4720
9.937,10288,0,0,5.040,423.7,2.1400,5.008,1093.0,5.4520
9.958,10308,0,0,5.044,425.8,2.1440,5.008,1093.1,5.4520
9.978,10328,0,0,5.048,416.4,2.0940,5.008,1079.6,5.3180
9.999,10348,0,0,5.040,433.8,2.3060,5.004,1096.7,5.4660
10.019,10368,0,0,5.052,417.1,2.1000,5.004,1092.8,5.4500
10.039,10388,0,0,5.052,420.9,2.1240,5.004,1092.7,5.4560
10.060,10408,0,0,5.040,416.9,2.1040,5.008,1093.6,5.4660
10.077,10428,0,0,5.048,417.8,2.0880,5.012,1029.0,5.4060
10.097,10448,0,0,5.044,416.6,2.1240,5.004,1086.0,5.4340
10.117,10468,0,0,5.052,415.0,2.1200,5.008,1083.8,5.4060
10.138,10488,0,0,5.048,417.1,2.1080,5.008,1083.2,5.4040
10.158,10508,0,0,5.052,419.8,2.1200,5.004,1094.7,5.4600
10.179,10528,0,0,5.048,420.5,2.0980,5.024,1064.8,5.3640
10.199,10548,0,0,5.056,413.1,2.1140,5.008,1092.6,5.4560
10.220,10568,0,0,5.048,417.1,2.1200,5.004,1100.9,5.4860
10.237,10588,0,0,5.048,418.8,2.1140,5.004,1092.6,5.4520
10.257,10608,0,0,5.048,420.7,2.1240,5.004,1100.6,5.5120
10.277,10628,0,0,5.052,415.3,2.1040,5.012,1039.5,5.1980
10.298,10648,0,0,5.040,425.6,2.1080,5.004,1102.5,5.4960
10.318,10668,0,0,5.048,414.8,2.1080,5.008,1093.7,5.4600
10.338,10688,0,0,5.052,416.3,2.1000,5.008,1099.4,5.4920
10.359,10708,0,0,5.040,417.9,2.1100,5.004,1092.6,5.4600
10.379,10728,0,0,5.044,417.2,2.1140,5.008,1100.9,5.4960
10.400,10748,0,0,5.048,415.1,2.1340,5.008,1093.1,5.4520
10.417,10768,0,0,5.060,414.8,2.1160,5.004,1098.7,5.4860
10.437,10788,0,0,5.048,416.2,2.1000,5.008,1092.4,5.4620
10.458,10808,0,0,5.044,413.8,2.0840,5.004,1081.9,5.3780
10.478,10828,0,0,5.048,414.2,2.1100,5.020,1072.0,5.3520
10.498,10848,0,0,5.044,416.7,2.1140,5.008,1059.6,5.2880
10.519,10868,0,0,5.068,414.9,2.1000,5.008,1090.2,5.4600
10.539,10888,0,0,5.048,416.2,2.1000,5.004,1098.4,5.4920
10.559,10908,0,0,5.044,428.0,2.1600,5.008,1093.9,5.4660
10.576,10928,0,0,5.044,419.8,2.1080,5.004,1099.7,5.4860
10.597,10948,0,0,5.048,415.2,2.1140,5.008,1090.9,5.4500
10.617,10968,0,0,5.080,416.2,2.1160,5.004,1102.1,5.5120
10.638,10988,0,0,5.052,416.5,2.1040,5.108,522.0,2.7600
10.658,11008,0,0,5.048,414.0,2.0900,5.128,464.1,2.3700
10.678,11028,0,0,5.056,418.3,2.0940,5.136,455.2,2.3260
10.699,11048,0,0,5.052,414.6,2.1240,5.132,462.1,2.3620
10.719,11068,0,0,5.028,425.6,2.1520,5.128,456.2,2.3360
10.740,11088,0,0,5.040,416.8,2.1080,5.136,420.5,2.1560
10.757,11108,0,0,5.052,414.3,2.0900,5.140,413.3,2.1140
10.777,11128,0,0,5.044,417.4,2.1160,5.144,424.7,2.1600
10.797,11148,0,0,5.056,419.1,2.0900,5.140,415.5,2.1200
10.818,11168,0,0,5.040,461.8,2.3140,5.128,460.8,2.2020
10.838,11188,0,0,5.048,421.3,2.1260,5.140,415.2,2.1240
10.859,11208,0,0,5.044,417.9,2.1080,5.140,424.0,2.1660
10.879,11228,0,0,5.048,414.7,2.1100,5.144,405.0,2.1140
10.900,11248,0,0,5.048,414.7,2.1260,5.140,415.4,2.1820
10.916,11268,0,0,5.048,422.7,2.1300,5.140,454.0,2.3260
10.937,11288,0,0,5.052,420.4,2.1200,5.140,412.5,2.1100
10.957,11308,0,0,5.044,416.6,2.1040,5.140,412.6,2.1100
10.978,11328,0,0,5.048,419.1,2.0880,5.140,412.7,2.1100
10.998,11348,0,0,5.048,415.7,2.1040,5.136,414.1,2.1240
11.019,11368,0,0,5.052,421.4,2.1260,5.140,419.4,2.1460
11.039,11388,0,0,5.048,419.4,2.1160,5.140,413.3,2.1140
11.059,11408,0,0,5.016,451.2,2.2680,5.136,413.5,2.1140
11.080,11428,0,0,5.028,451.8,2.2540,5.136,413.1,2.1200
11.097,11448,0,0,5.028,453.6,2.2480,5.140,412.9,2.1200
11.117,11468,0,0,5.016,451.0,2.2680,5.136,413.7,2.1160
11.137,11488,0,0,5.032,451.5,2.2700,5.140,412.2,2.1080
11.158,11508,0,0,5.048,416.2,2.1000,5.140,413.5,2.0580
11.178,11528,0,0,5.048,419.2,2.0900,5.140,412.5,2.1300
11.199,11548,0,0,5.048,415.6,2.1040,5.140,413.1,2.1160
11.219,11568,0,0,5.044,422.5,2.1300,5.140,412.8,2.1100
11.240,11588,0,0,5.052,420.5,2.1240,5.140,412.5,2.1100
11.256,11608,0,0,5.048,415.7,2.0940,5.140,414.0,2.1040
11.277,11628,0,0,5.044,414.7,2.1140,5.136,412.4,2.1160
11.297,11648,0,0,5.048,418.5,2.0900,5.140,411.0,2.1000
11.318,11668,0,0,5.044,418.8,2.1140,5.140,413.8,2.1160
11.338,11688,0,0,5.064,419.1,2.1160,5.140,412.5,2.1140
11.358,11708,0,0,5.048,421.7,2.1260,5.136,413.2,1.9960
11.379,11728,0,0,5.052,418.0,2.0900,5.140,412.8,2.1160
11.399,11748,0,0,5.052,415.0,2.1200,5.140,411.4,2.1040
11.420,11768,0,0,5.048,417.3,2.1080,5.136,412.8,2.1160
11.437,11788,0,0,5.080,412.8,2.0940,5.140,417.3,2.1200
11.457,11808,0,0,5.044,420.8,2.1240,5.124,498.6,2.2280
11.477,11828,0,0,5.048,416.3,2.1000,5.132,460.1,2.3520
11.498,11848,0,0,5.048,417.7,2.1000,5.128,457.8,2.3400
11.518,11868,0,0,5.048,418.1,2.1100,5.140,417.0,2.1080
11.539,11888,0,0,5.044,419.4,2.1340,5.140,412.7,2.1160
11.559,11908,0,0,5.044,414.9,2.0940,5.136,422.0,2.1620
11.579,11928,0,0,5.048,414.8,2.1100,5.140,411.5,2.1040
11.596,11948,0,0,5.048,415.3,2.1160,5.136,420.6,2.1520
11.617,11968,0,0,5.044,418.4,2.1140,5.140,411.9,2.1160
11.637,11988,0,0,5.004,458.8,2.3200,5.136,420.8,2.2160
11.658,12008,0,0,5.044,416.1,2.0940,5.140,412.1,2.1100
11.678,12028,0,0,5.044,416.3,2.1000,5.136,420.4,2.1500
11.698,12048,0,0,5.048,420.7,2.1080,5.140,410.7,2.1200
11.719,12068,0,0,5.048,420.6,2.1240,5.136,419.3,2.1520
11.739,12088,0,0,5.048,428.1,2.1500,5.128,451.4,2.3140
11.760,12108,0,0,5.048,415.0,2.1100,5.136,370.9,1.9000
11.776,12128,0,0,5.048,416.2,2.0980,5.140,411.7,2.1080
11.797,12148,0,0,5.048,417.3,2.1000,5.140,419.5,2.1520
11.817,12168,0,0,5.048,417.0,2.1040,5.136,412.7,2.1200
11.838,12188,0,0,5.052,416.2,2.1000,5.136,450.9,2.3040
11.858,12208,0,0,5.048,415.5,2.1040,5.140,400.9,2.0580
11.879,12228,0,0,5.048,415.7,2.1240,5.140,418.4,2.1500
11.899,12248,0,0,5.048,417.0,2.0900,5.140,413.8,2.1160
11.919,12268,0,0,5.048,413.6,2.0880,5.140,419.3,2.1520
11.936,12288,0,0,5.052,415.3,2.0980,5.140,410.6,2.1000
11.957,12308,0,0,5.048,416.7,2.1160,5.140,371.9,1.9080
11.977,12328,0,0,5.048,415.5,2.1000,5.140,411.8,2.1140
11.998,12348,0,0,5.048,419.4,2.0980,5.136,418.9,2.1500
12.018,12368,0,0,5.048,416.7,2.1000,5.136,413.1,2.1140
12.039,12388,0,0,5.040,418.5,2.1140,5.136,418.4,2.1400
12.059,12408,0,0,5.052,417.5,2.1040,5.140,386.9,2.0420
12.079,12428,0,0,5.048,419.1,2.1040,5.136,419.0,2.1500
12.100,12448,0,0,5.048,419.6,2.0980,5.136,439.5,2.2520
12.117,12468,0,0,5.048,419.1,2.1140,5.132,455.2,2.3260
12.137,12488,0,0,5.048,423.1,2.1360,5.132,444.9,2.2780
12.157,12508,0,0,5.060,419.3,2.0940,5.124,459.2,2.0680
12.178,12528,0,0,5.048,418.6,2.1100,5.128,443.6,2.2780
12.198,12548,0,0,5.040,421.5,2.0940,5.136,421.9,2.1620
12.219,12568,0,0,5.044,418.1,2.1080,5.140,411.2,2.1000
12.239,12588,0,0,5.048,419.4,2.1160,5.140,412.1,2.1460
12.259,12608,0,0,5.080,418.3,2.0980,5.140,372.5,2.1100
12.280,12628,0,0,5.048,419.5,2.0980,5.136,417.6,2.1620
12.297,12648,0,0,5.044,422.3,2.0940,5.136,414.2,2.1200
12.317,12668,0,0,5.040,415.6,2.0980,5.136,413.9,2.1160
12.338,12688,0,0,5.040,414.7,2.0940,5.140,412.8,2.1140
12.358,12708,0,0,5.080,418.4,2.0880,5.152,367.6,2.1200
12.379,12728,0,0,5.056,414.6,2.1080,5.140,410.6,2.1080
12.399,12748,0,0,5.048,416.2,2.1200,5.136,412.4,2.1080
12.419,12768,0,0,5.048,417.2,2.1040,5.140,410.5,2.1000
12.440,12788,0,0,5.048,419.4,2.1140,5.136,412.6,2.1100
12.456,12808,0,0,5.008,461.8,2.2080,5.128,422.6,2.4600
12.477,12828,0,0,5.048,419.2,2.1040,5.128,460.2,2.3520
12.497,12848,0,0,5.044,422.2,2.0980,5.128,458.4,2.3420
12.518,12868,0,0,5.040,415.5,2.0980,5.124,456.1,2.0980
12.538,12888,0,0,5.044,419.5,2.1140,5.140,411.6,2.1160
12.559,12908,0,0,5.044,439.7,2.3040,5.132,384.8,1.9720
12.579,12928,0,0,5.048,418.0,2.1080,5.128,460.6,2.3560
12.600,12948,0,0,5.048,419.8,2.1160,5.140,412.5,2.1100
12.620,12968,0,0,5.048,414.5,2.0940,5.136,412.3,2.1160
12.637,12988,0,0,5.044,413.8,2.0880,5.136,411.8,2.1240
12.657,13008,0,0,5.044,421.7,2.1260,5.144,452.7,2.3140
12.678,13028,0,0,5.048,417.7,2.1140,5.140,410.8,2.1000
12.698,13048,0,0,5.048,419.4,2.1000,5.136,412.0,2.1100
12.719,13068,0,0,5.044,415.8,2.0980,5.140,411.5,2.1100
12.739,13088,0,0,5.044,418.0,2.1080,5.136,412.1,2.1140
12.759,13108,0,0,5.048,416.6,2.0940,5.140,402.6,2.0640
12.780,13128,0,0,5.048,417.4,2.0940,5.144,410.9,2.1040
12.799,13148,0,0,5.052,417.8,2.0940,5.140,413.2,2.1140
12.818,13168,0,0,5.044,417.3,2.1080,5.140,411.1,2.1240
12.837,13188,0,0,5.048,416.1,2.0980,5.140,412.2,2.1100
12.858,13208,0,0,5.048,418.7,2.1080,5.140,410.6,2.1000
12.878,13228,0,0,5.056,420.5,2.1000,5.140,415.2,2.1140
12.899,13248,0,0,5.048,419.3,2.1040,5.140,413.3,2.1100
12.919,13268,0,0,5.048,415.9,2.0980,5.136,410.7,2.1080
12.939,13288,0,0,5.052,419.2,2.1160,5.136,416.0,2.1260
12.960,13308,0,0,5.052,413.3,2.1240,5.148,413.0,2.1140
12.977,13328,0,0,5.052,415.4,2.1000,5.136,420.0,2.1360
12.997,13348,0,0,5.048,419.2,2.1160,5.136,411.9,2.1140
13.018,13368,0,0,5.048,418.0,2.1080,5.140,417.7,2.1440
13.038,13388,0,0,5.048,415.0,2.0980,5.140,412.4,2.1100
13.059,13408,0,0,5.048,416.9,2.1260,5.144,375.7,2.1520
13.079,13428,0,0,5.064,418.0,2.0940,5.140,411.2,2.1100
13.099,13448,0,0,5.044,414.2,2.0900,5.132,418.8,2.1500
13.120,13468,0,0,5.048,414.7,2.0900,5.136,411.4,2.1040
13.137,13488,0,0,5.048,417.7,2.1080,5.136,421.7,2.1560
13.157,13508,0,0,5.052,413.9,2.1240,5.144,411.5,2.0980
13.177,13528,0,0,5.080,417.9,2.0900,5.136,419.8,2.1460
13.198,13548,0,0,5.048,420.3,2.1200,5.140,410.3,2.1040
13.218,13568,0,0,5.048,414.0,2.0900,5.140,419.5,2.1440
13.239,13588,0,0,5.052,420.7,2.1240,5.140,414.2,2.1080
13.259,13608,0,0,5.048,420.1,2.0980,5.136,419.8,2.1460
13.280,13628,0,0,5.032,425.4,2.1240,5.136,412.0,2.1080
13.300,13648,0,0,5.048,416.6,2.1040,5.136,417.5,2.1360
13.317,13668,0,0,5.040,418.6,2.1140,5.140,412.0,2.1080
13.337,13688,0,0,5.048,419.5,2.1140,5.140,420.5,2.1500
13.358,13708,0,0,5.048,416.8,2.1000,5.140,411.7,2.1100
13.378,13728,0,0,5.012,458.2,2.3160,5.132,419.7,2.1520
13.398,13748,0,0,5.048,418.0,2.1080,5.140,411.1,2.1040
13.424,13768,0,0,5.048,418.2,2.1100,5.136,418.6,2.1440
13.440,13788,0,0,5.044,415.0,2.0900,5.140,411.2,2.1100
13.460,13808,0,0,5.048,414.9,2.0980,5.120,474.4,2.4780
13.477,13828,0,0,5.048,421.7,2.1520,5.128,471.8,2.4160
13.497,13848,0,0,5.048,420.3,2.1200,5.140,416.3,2.1260
13.517,13868,0,0,5.048,415.7,2.0980,5.140,407.7,2.0940
13.538,13888,0,0,5.048,418.5,2.1160,5.140,421.5,2.1500
13.558,13908,0,0,5.048,416.1,2.0900,5.140,411.8,2.1140
13.579,13928,0,0,5.048,417.6,2.0980,5.140,429.6,2.1960
13.599,13948,0,0,5.048,420.5,2.1240,5.136,411.8,2.1080
13.619,13968,0,0,5.048,419.0,2.1100,5.140,416.2,2.1620
13.640,13988,0,0,5.048,415.7,2.1000,5.124,504.2,2.3760
13.657,14008,0,0,5.048,414.2,2.1200,5.104,635.7,3.2300
13.677,14028,0,0,5.048,415.1,2.1200,5.108,681.8,3.4380
13.698,14048,0,0,5.048,415.3,2.0980,5.112,520.8,2.6020
13.718,14068,0,0,5.052,418.3,2.1140,5.132,451.3,2.3140
13.738,14088,0,0,5.048,416.6,2.1040,5.128,450.6,2.3100
13.759,14108,0,0,5.048,417.6,2.1080,5.128,452.3,2.3140
13.779,14128,0,0,5.048,418.4,2.0980,5.128,451.2,2.3060
13.800,14148,0,0,5.052,415.2,2.0980,5.132,450.4,2.3100
13.817,14168,0,0,5.052,415.2,2.0940,5.132,451.8,2.3140
13.837,14188,0,0,5.024,450.5,2.2640,5.128,450.1,2.3040
13.857,14208,0,0,5.028,451.2,2.2800,5.136,451.5,2.3060
13.878,14228,0,0,5.032,449.8,2.2640,5.136,450.8,2.3060
13.898,14248,0,0,5.056,450.3,2.2700,5.132,450.9,2.3100
13.919,14268,0,0,5.048,428.3,2.1600,5.128,451.8,2.3140
13.939,14288,0,0,5.044,415.5,2.0980,5.132,429.5,2.2020
13.959,14308,0,0,5.044,416.5,2.1000,5.132,451.5,2.3060
13.980,14328,0,0,5.048,420.1,2.1200,5.128,450.9,2.3140
13.997,14348,0,0,5.084,417.9,2.1200,5.132,451.4,2.3200
14.017,14368,0,0,5.052,420.7,2.1240,5.132,451.1,2.3060
14.038,14388,0,0,5.052,418.8,2.1140,5.132,450.8,2.3060
14.058,14408,0,0,5.040,418.5,2.1140,5.128,451.6,2.3100
14.079,14428,0,0,5.044,414.8,2.1340,5.132,451.5,2.3100
14.099,14448,0,0,5.060,419.5,2.1300,5.128,452.1,2.3240
14.119,14468,0,0,5.044,419.7,2.1200,5.132,450.8,2.3060
14.140,14488,0,0,5.048,420.2,2.1200,5.132,413.0,2.1140
14.157,14508,0,0,5.040,419.8,2.0940,5.124,451.7,2.3140
14.177,14528,0,0,5.044,414.8,2.1100,5.132,451.0,2.3100
14.198,14548,0,0,5.004,452.6,2.2880,5.132,451.5,2.3100
14.218,14568,0,0,5.048,414.6,2.0880,5.132,450.7,2.3040
14.238,14588,0,0,5.048,414.2,2.1200,5.132,451.0,2.0640
14.259,14608,0,0,5.048,415.7,2.1200,5.128,452.8,2.3100
14.279,14628,0,0,5.056,414.3,2.1040,5.124,451.6,2.3060
14.300,14648,0,0,5.044,428.6,2.1520,5.128,450.5,2.3000
14.320,14668,0,0,5.048,419.8,2.1200,5.132,449.6,2.2980
14.337,14688,0,0,5.044,416.1,2.1000,5.132,450.8,2.0700
14.357,14708,0,0,5.048,416.6,2.0940,5.128,457.6,2.3140
14.378,14728,0,0,5.048,418.5,2.1140,5.132,451.8,2.3140
14.398,14748,0,0,5.048,418.5,2.1100,5.128,458.5,2.3420
14.419,14768,0,0,5.044,417.4,2.1080,5.128,450.6,2.3040
14.439,14788,0,0,5.048,419.3,2.1100,5.128,448.3,2.1820
14.459,14808,0,0,5.048,415.4,2.1140,5.112,505.0,2.6680
14.480,14828,0,0,5.052,419.4,2.0880,5.116,455.6,2.3300
14.497,14848,0,0,5.048,414.9,2.0940,5.132,450.5,2.3040
14.517,14868,0,0,5.048,414.5,2.0900,5.128,453.7,2.3460
14.537,14888,0,0,5.044,415.5,2.1080,5.136,401.0,2.3100
14.558,14908,0,0,5.048,418.5,2.0940,5.132,460.8,2.3620
14.578,14928,0,0,5.048,417.4,2.0940,5.124,499.3,2.5460
14.599,14948,0,0,5.044,418.6,2.1140,5.128,460.4,2.3520
14.619,14968,0,0,5.048,419.5,2.1160,5.132,450.4,2.3140
14.639,14988,0,0,5.048,414.7,2.1140,5.112,508.9,2.5420
14.660,15008,0,0,5.048,417.2,2.1260,5.132,456.4,2.3360
14.677,15028,0,0,5.044,415.1,2.1080,5.132,458.5,2.3420
14.697,15048,0,0,5.048,420.1,2.1200,5.132,451.4,2.3140
14.718,15068,0,0,5.060,414.3,2.0940,5.132,457.9,2.3500
14.738,15088,0,0,5.048,418.7,2.0900,5.128,401.1,2.0580
14.758,15108,0,0,5.040,417.2,2.1000,5.128,458.1,2.3420
14.779,15128,0,0,5.048,419.8,2.0940,5.132,451.3,2.3060
14.799,15148,0,0,5.048,418.1,2.1100,5.132,458.1,2.3500
14.820,15168,0,0,5.080,418.3,2.1160,5.128,452.8,2.3140
14.840,15188,0,0,5.048,419.8,2.1080,5.132,456.0,2.3300
14.857,15208,0,0,5.048,415.6,2.1240,5.132,450.5,2.3040
14.878,15228,0,0,5.052,416.6,2.1160,5.120,494.2,2.5140
14.898,15248,0,0,5.056,417.2,2.1080,5.128,484.4,2.4800
14.918,15268,0,0,5.072,414.2,2.1080,5.120,491.5,2.5140
14.939,15288,0,0,5.056,415.5,2.1040,5.124,441.4,2.2540
14.959,15308,0,0,5.044,414.3,2.1140,5.128,458.3,2.3460
14.980,15328,0,0,5.048,417.3,2.1040,5.132,451.1,2.3140
15.000,15348,0,0,5.048,414.5,2.0940,5.128,461.6,2.3520
15.017,15368,0,0,5.012,429.7,2.1820,5.132,450.4,2.3040
15.037,15388,0,0,5.044,415.8,2.1200,5.132,461.3,2.3560
15.058,15408,0,0,5.048,418.7,2.1080,5.136,451.3,2.3060
15.078,15428,0,0,5.048,415.1,2.1160,5.132,450.5,2.3660
15.098,15448,0,0,5.040,415.9,2.1000,5.128,451.5,2.3100
15.119,15468,0,0,5.040,461.0,2.3100,5.132,450.9,2.3040
15.139,15488,0,0,5.048,420.9,2.1040,5.132,424.5,2.1720
15.160,15508,0,0,5.052,422.0,2.0980,5.132,451.2,2.3100
15.180,15528,0,0,5.048,413.5,2.0840,5.128,451.1,2.3060
15.197,15548,0,0,5.048,416.2,2.1000,5.132,450.4,2.3040
15.217,15568,0,0,5.044,423.8,2.1340,5.132,452.3,2.3140
15.238,15588,0,0,5.048,418.9,2.0940,5.136,401.9,2.3100
15.258,15608,0,0,5.044,415.0,2.1140,5.136,450.6,2.3100
15.279,15628,0,0,5.048,417.3,2.1080,5.128,451.3,2.3100
15.299,15648,0,0,5.044,414.8,2.0980,5.132,450.8,2.3040
15.320,15668,0,0,5.040,416.7,2.1040,5.128,451.0,2.3060
15.340,15688,0,0,5.048,419.8,2.0980,5.148,440.7,2.3140
15.357,15708,0,0,5.048,417.0,2.0880,5.128,451.3,2.3100
15.377,15728,0,0,5.048,416.1,2.1000,5.136,450.9,2.3060
15.398,15748,0,0,5.044,419.0,2.1140,5.132,451.0,2.3060
15.418,15768,0,0,5.044,418.8,2.1140,5.132,450.4,2.3040
15.438,15788,0,0,5.048,415.4,2.1260,5.140,400.7,2.3140
15.459,15808,0,0,5.048,416.2,2.1200,5.120,507.4,2.6180
15.479,15828,0,0,5.040,415.9,2.1000,5.120,447.0,2.2840
15.500,15848,0,0,5.044,421.7,2.1300,5.124,496.8,2.5340
15.520,15868,0,0,5.044,415.0,2.0940,5.128,448.1,2.2940
15.537,15888,0,0,5.052,415.4,2.0980,5.140,452.0,2.3100
15.558,15908,0,0,5.048,415.5,2.1000,5.136,451.1,2.3100
15.578,15928,0,0,5.052,415.8,2.1000,5.132,451.1,2.3060
15.598,15948,0,0,5.044,413.5,2.0880,5.128,451.2,2.3040
15.619,15968,0,0,5.048,418.5,2.1140,5.132,451.1,2.3100
15.639,15988,0,0,5.064,418.7,2.0900,5.132,450.4,2.3100
15.659,16008,0,0,5.044,417.3,2.0940,5.132,450.1,2.3040
15.680,16028,0,0,5.048,418.1,2.1100,5.132,451.8,2.3100
15.697,16048,0,0,5.052,415.3,2.0980,5.128,454.4,2.3040
15.717,16068,0,0,5.048,420.5,2.1200,5.132,452.6,2.3060
15.738,16088,0,0,5.080,415.4,2.0880,5.140,417.7,2.1440
15.758,16108,0,0,5.052,419.7,2.1040,5.140,410.3,2.1000
15.779,16128,0,0,5.048,414.7,2.0940,5.140,417.7,2.1360
15.799,16148,0,0,5.048,413.7,2.0840,5.140,410.3,2.1080
15.819,16168,0,0,5.060,416.6,2.1040,5.136,417.7,1.9800
15.840,16188,0,0,5.040,428.6,2.1300,5.148,410.4,2.1000
15.860,16208,0,0,5.048,421.2,2.1300,5.140,416.5,2.1300
15.877,16228,0,0,5.048,414.9,2.0980,5.140,410.2,2.1140
15.897,16248,0,0,5.044,418.8,2.1140,5.136,417.3,2.1460
15.918,16268,0,0,5.040,419.3,2.1140,5.140,410.9,2.1100
15.938,16288,0,0,4.996,470.7,2.3360,5.140,416.8,2.1300
15.959,16308,0,0,5.044,429.6,2.1500,5.140,410.5,2.1000
15.979,16328,0,0,5.064,417.1,2.1100,5.136,418.2,2.1460
16.000,16348,0,0,5.044,418.4,2.1140,5.140,412.5,2.1080
16.020,16368,0,0,5.044,415.1,2.0940,5.140,418.5,2.1440
16.037,16388,0,0,5.040,427.5,2.1440,5.140,450.8,2.3040
16.057,16408,0,0,5.048,416.0,2.1000,5.136,417.7,2.1560
16.078,16428,0,0,5.044,413.9,2.0900,5.140,409.9,2.1100
16.098,16448,0,0,5.044,415.9,2.1000,5.136,417.9,2.1440
16.118,16468,0,0,5.044,416.7,2.1000,5.136,410.3,2.1040
16.139,16488,0,0,5.044,416.9,2.0940,5.136,436.6,2.2320
16.159,16508,0,0,5.048,415.5,2.1160,5.140,411.3,2.1100
16.180,16528,0,0,5.044,417.6,2.1080,5.140,417.2,2.1400
16.200,16548,0,0,5.044,415.8,2.1000,5.136,410.4,2.1040
16.217,16568,0,0,5.044,414.1,2.0900,5.136,417.5,2.1360
16.237,16588,0,0,5.048,419.4,2.1040,5.140,409.9,2.1000
16.258,16608,0,0,5.048,419.9,2.1080,5.140,418.2,2.1460
16.278,16628,0,0,5.044,419.3,2.1160,5.140,410.2,2.1040
16.299,16648,0,0,5.056,416.7,2.1040,5.140,417.4,2.1360
16.319,16668,0,0,5.044,416.1,2.1040,5.140,400.7,2.0580
16.340,16688,0,0,5.048,417.0,2.1200,5.132,420.5,2.1500
16.360,16708,0,0,5.052,418.2,2.0900,5.136,409.6,2.1080
16.377,16728,0,0,5.048,417.2,2.1080,5.140,421.0,2.1560
16.397,16748,0,0,5.052,420.9,2.1240,5.140,410.3,2.0980
16.417,16768,0,0,5.052,418.5,2.1100,5.136,415.4,2.1560
16.438,16788,0,0,5.048,415.0,2.1100,5.140,410.1,2.1080
16.458,16808,0,0,5.056,418.5,2.1140,5.120,481.9,2.3780
16.479,16828,0,0,5.048,419.7,2.1160,5.128,406.7,2.0840
16.499,16848,0,0,5.044,417.1,2.1080,5.140,417.7,2.1360
16.520,16868,0,0,5.048,416.3,2.1000,5.144,409.0,1.9600
16.540,16888,0,0,5.048,419.1,2.0900,5.140,410.3,2.1560
16.557,16908,0,0,5.084,419.4,2.1000,5.144,412.1,2.1140
16.577,16928,0,0,5.052,418.2,2.1100,5.140,410.8,2.1000
16.598,16948,0,0,5.032,451.0,2.2640,5.140,411.1,2.1040
16.618,16968,0,0,5.032,452.5,2.2740,5.136,409.7,1.8620
16.639,16988,0,0,5.024,450.7,2.2640,5.140,410.5,2.1040
16.659,17008,0,0,5.068,450.7,2.2640,5.136,412.1,2.1100
16.680,17028,0,0,5.076,411.9,2.0940,5.140,410.0,2.0980
16.700,17048,0,0,5.052,419.5,2.1160,5.140,409.2,2.1000
16.717,17068,0,0,5.048,418.6,2.1100,5.140,411.0,1.9040
16.737,17088,0,0,5.052,416.3,2.1100,5.136,409.7,2.1040
16.758,17108,0,0,5.020,445.0,2.1520,5.140,410.9,2.1000
16.778,17128,0,0,5.044,416.7,2.1040,5.140,409.8,2.0980
16.799,17148,0,0,5.048,414.7,2.0940,5.136,411.3,2.1080
16.819,17168,0,0,5.052,419.7,2.0980,5.140,409.8,1.8840
16.840,17188,0,0,5.040,419.3,2.1300,5.140,408.9,2.0980
16.860,17208,0,0,5.036,430.7,2.2900,5.132,459.8,2.3520
16.880,17228,0,0,5.048,415.6,2.0980,5.136,409.7,2.0940
16.897,17248,0,0,5.048,419.7,2.1160,5.140,410.5,2.1080
16.918,17268,0,0,5.048,416.0,2.0900,5.136,362.0,1.8620
16.938,17288,0,0,5.048,415.1,2.1160,5.140,410.8,2.1000
16.958,17308,0,0,5.044,418.4,2.1360,5.136,452.2,2.3100
16.979,17328,0,0,5.044,416.5,2.1040,5.140,409.7,2.1000
16.999,17348,0,0,5.048,414.8,2.0940,5.140,410.0,2.1080
17.020,17368,0,0,5.048,419.2,2.1100,5.136,400.2,2.0540
17.040,17388,0,0,5.048,420.2,2.0900,5.140,409.5,2.1000
17.057,17408,0,0,5.048,414.4,2.1200,5.140,409.5,2.1200
17.077,17428,0,0,5.052,418.9,2.1140,5.140,410.2,2.1080
17.098,17448,0,0,5.040,415.6,2.1000,5.140,412.3,2.1100
17.118,17468,0,0,5.044,422.2,2.1000,5.136,362.6,1.8580
17.139,17488,0,0,5.048,418.8,2.1040,5.136,410.2,2.0980
17.159,17508,0,0,5.048,415.5,2.0900,5.136,417.0,2.1080
17.179,17528,0,0,5.052,417.5,2.1080,5.136,412.0,2.1080
17.200,17548,0,0,5.048,419.6,2.1160,5.136,417.4,2.1400
17.220,17568,0,0,5.044,415.5,2.1140,5.140,396.6,2.0320
17.237,17588,0,0,5.048,420.6,2.1000,5.140,419.6,2.1300
17.257,17608,0,0,5.044,416.0,2.1140,5.140,410.8,2.1140
17.278,17628,0,0,5.064,418.1,2.1140,5.140,417.6,2.1400
17.298,17648,0,0,5.048,417.5,2.1080,5.140,410.1,2.0980
17.319,17668,0,0,5.040,417.8,2.1040,5.136,367.6,1.8800
17.339,17688,0,0,5.048,414.4,2.1000,5.140,410.1,2.1040
17.360,17708,0,0,5.048,416.6,2.0940,5.136,418.6,2.1400
17.380,17728,0,0,5.080,413.6,2.0940,5.140,409.4,2.1000
17.400,17748,0,0,5.048,420.6,2.1240,5.136,418.4,2.1400
17.417,17768,0,0,5.048,418.7,2.1100,5.144,409.3,2.1000
17.438,17788,0,0,5.048,419.3,2.1000,5.136,417.4,2.1460
17.458,17808,0,0,5.048,419.0,2.1040,5.136,421.2,2.1880
17.479,17828,0,0,5.084,412.9,2.0940,5.132,413.4,2.1160
17.499,17848,0,0,5.052,416.1,2.1000,5.128,410.2,2.0980
17.519,17868,0,0,5.052,413.2,2.1260,5.148,372.2,2.1360
17.540,17888,0,0,5.048,420.5,2.0980,5.144,411.1,2.1040
17.560,17908,0,0,5.052,416.2,2.0940,5.140,419.0,2.1520
17.577,17928,0,0,5.012,427.0,2.1660,5.144,411.1,2.1040
17.597,17948,0,0,5.044,419.4,2.1200,5.136,418.0,2.1360
17.618,17968,0,0,5.052,415.4,2.1140,5.140,361.6,2.1040
17.638,17988,0,0,5.052,418.8,2.1100,5.128,450.3,2.3100
17.659,18008,0,0,5.044,418.5,2.0900,5.132,443.1,2.2680
17.679,18028,0,0,5.048,463.1,2.3200,5.120,452.2,2.3100
17.699,18048,0,0,5.048,416.3,2.0980,5.128,443.9,2.2780
17.720,18068,0,0,5.052,415.2,2.1240,5.148,411.6,2.1400
17.741,18088,0,0,5.040,417.2,2.1240,5.140,410.4,2.1080
17.757,18108,0,0,5.044,423.5,2.1340,5.136,418.3,2.1400
17.778,18128,0,0,5.052,426.6,2.1460,5.132,449.8,2.3000
17.798,18148,0,0,5.048,414.4,2.0900,5.140,421.5,2.1500
17.819,18168,0,0,5.048,418.8,2.1080,5.136,409.3,2.1040
17.839,18188,0,0,5.040,420.3,2.0980,5.140,419.8,2.1500
17.859,18208,0,0,5.048,416.0,2.0940,5.140,410.4,2.1000
17.880,18228,0,0,5.040,417.5,2.1080,5.136,414.6,2.1960
17.900,18248,0,0,5.048,418.1,2.1100,5.136,410.6,2.1140
17.917,18268,0,0,5.044,413.7,2.1260,5.144,400.3,2.0540
17.937,18288,0,0,5.044,419.4,2.0980,5.140,411.2,2.1000
17.958,18308,0,0,5.044,415.0,2.0940,5.140,410.3,2.1000
17.978,18328,0,0,5.048,414.1,2.0900,5.136,410.9,2.1040
17.999,18348,0,0,5.048,419.3,2.1140,5.140,409.5,2.1040
18.019,18368,0,0,5.044,417.0,2.1160,5.148,409.7,2.1000
18.040,18388,0,0,5.056,417.1,2.0940,5.140,409.9,2.0980
18.060,18408,0,0,5.044,414.1,2.0900,5.136,410.1,2.0980
18.081,18428,0,0,5.048,416.9,2.1000,5.140,410.6,2.1100
18.097,18448,0,0,5.052,418.3,2.1100,5.136,410.4,2.1080
18.119,18468,0,0,5.048,416.3,2.1200,5.148,410.5,2.1000
18.139,18488,0,0,5.052,417.6,2.1140,5.140,410.3,2.1000
18.159,18508,0,0,5.052,420.1,2.1200,5.140,410.1,2.1040
18.179,18528,0,0,5.040,415.8,2.0980,5.136,407.0,2.1100
18.199,18548,0,0,5.064,412.5,2.0840,5.136,410.0,2.1000
18.221,18568,0,0,5.048,414.8,2.1100,5.148,410.5,2.1000
18.240,18588,0,0,5.044,418.7,2.0940,5.136,409.2,2.1080
18.257,18608,0,0,5.048,414.4,2.0900,5.140,410.8,2.1080
18.278,18628,0,0,5.048,417.9,2.1100,5.136,407.8,2.0940
18.298,18648,0,0,5.080,416.0,2.1100,5.140,412.2,2.1080
18.318,18668,0,0,5.048,418.6,2.1100,5.144,410.2,2.0980
18.338,18688,0,0,5.056,415.9,2.1100,5.140,411.1,2.1100
18.359,18708,0,0,5.048,415.8,2.1000,5.140,410.3,2.1040
18.379,18728,0,0,5.048,415.4,2.0980,5.140,407.9,2.0900
18.400,18748,0,0,5.044,414.9,2.1100,5.140,410.4,2.0980
18.420,18768,0,0,5.044,419.0,2.1100,5.140,409.4,2.1140
18.437,18788,0,0,5.044,418.9,2.1080,5.140,409.9,2.1080
18.458,18808,0,0,5.044,417.0,2.1040,5.120,490.1,2.5880
18.478,18828,0,0,5.048,418.8,2.1140,5.132,407.5,2.0900
18.499,18848,0,0,5.004,457.4,2.3100,5.136,457.5,2.3460
18.519,18868,0,0,5.048,419.5,2.1000,5.140,408.3,2.0980
18.539,18888,0,0,5.044,420.2,2.1160,5.136,410.4,2.1040
18.560,18908,0,0,5.048,415.4,2.0980,5.140,410.8,2.1080
18.580,18928,0,0,5.044,418.8,2.1140,5.140,411.1,2.1040
18.597,18948,0,0,5.048,428.7,2.1560,5.128,451.7,2.3040
18.618,18968,0,0,5.048,414.4,2.1200,5.136,417.7,2.1240
18.638,18988,0,0,5.052,419.4,2.1100,5.136,410.7,2.1100
18.658,19008,0,0,5.044,417.4,2.1080,5.136,419.1,2.1460
18.679,19028,0,0,5.044,423.7,2.1360,5.140,411.1,2.1080
18.699,19048,0,0,5.048,418.7,2.1160,5.136,426.7,2.3420
18.719,19068,0,0,5.048,416.8,2.0980,5.136,411.4,2.1100
18.740,19088,0,0,5.048,414.0,2.1240,5.140,417.7,2.1440
18.760,19108,0,0,5.048,415.5,2.0980,5.140,410.6,2.1000
18.778,19128,0,0,5.048,418.7,2.1140,5.136,418.1,2.1340
18.798,19148,0,0,5.048,414.0,2.1080,5.140,410.0,1.8900
18.818,19168,0,0,5.048,415.4,2.1240,5.136,417.6,2.1440
18.839,19188,0,0,5.048,420.5,2.0940,5.140,410.0,2.0980
18.859,19208,0,0,5.048,420.4,2.1240,5.136,418.4,2.1400
18.879,19228,0,0,5.048,415.3,2.0980,5.140,409.8,2.1000
18.900,19248,0,0,5.056,417.5,2.1100,5.140,418.1,2.0620
18.920,19268,0,0,5.052,413.9,2.1040,5.140,412.1,2.1140
18.937,19288,0,0,5.052,418.1,2.1140,5.140,417.6,2.1340
18.957,19308,0,0,5.052,419.8,2.1160,5.140,410.5,2.0980
18.978,19328,0,0,5.048,416.4,2.1000,5.136,416.5,2.1360
18.998,19348,0,0,5.044,414.2,2.1080,5.136,409.3,1.8580
19.019,19368,0,0,5.056,414.4,2.0940,5.136,417.0,2.1360
19.039,19388,0,0,5.052,414.4,2.1200,5.140,410.0,2.0980
19.059,19408,0,0,5.048,417.6,2.1080,5.140,419.1,2.1440
19.080,19428,0,0,5.048,418.5,2.1100,5.140,409.6,2.1080
19.100,19448,0,0,5.048,414.7,2.1140,5.140,387.0,1.9900
19.117,19468,0,0,5.076,415.5,2.0880,5.140,409.4,2.1000
19.138,19488,0,0,5.048,419.0,2.0940,5.136,417.6,2.1340
19.158,19508,0,0,5.048,417.0,2.1040,5.140,409.6,2.1040
19.178,19528,0,0,5.044,415.6,2.1000,5.136,416.6,2.1440
19.199,19548,0,0,5.048,419.6,2.1040,5.140,409.0,2.1000
19.219,19568,0,0,5.080,419.5,2.0900,5.136,417.7,2.1360
19.240,19588,0,0,5.048,416.7,2.0980,5.140,410.8,2.1040
19.260,19608,0,0,5.044,417.6,2.1080,5.136,421.0,2.1600
19.277,19628,0,0,5.048,414.8,2.0940,5.136,409.9,2.1040
19.297,19648,0,0,5.052,420.8,2.0940,5.140,373.9,1.9160
19.318,19668,0,0,5.020,435.2,2.1300,5.140,409.0,2.0980
19.338,19688,0,0,5.044,414.7,2.1340,5.140,410.8,2.1300
19.359,19708,0,0,5.044,416.7,2.0940,5.140,408.0,2.1080
19.379,19728,0,0,5.028,454.2,2.2800,5.140,410.1,2.1000
19.399,19748,0,0,5.024,450.7,2.2700,5.140,373.1,1.9100
19.420,19768,0,0,5.020,475.3,2.4740,5.136,451.6,2.1260
19.440,19788,0,0,5.028,451.1,2.2580,5.136,410.9,2.1100
19.457,19808,0,0,5.052,415.5,2.0980,5.120,493.7,2.5260
19.478,19828,0,0,5.052,416.7,2.1000,5.140,407.9,2.0900
19.498,19848,0,0,5.044,425.2,2.0940,5.128,356.5,1.8280
19.518,19868,0,0,5.044,415.6,2.1520,5.136,447.2,2.2980
19.539,19888,0,0,5.048,414.9,2.1200,5.136,414.0,2.1200
19.559,19908,0,0,5.048,419.8,2.1160,5.136,409.4,2.1000
19.580,19928,0,0,5.052,419.6,2.1160,5.140,410.1,2.0980
19.600,19948,0,0,5.048,417.0,2.1340,5.144,392.3,1.9980
19.617,19968,0,0,5.048,414.2,2.1080,5.140,411.3,2.1500
19.637,19988,0,0,5.044,415.1,2.1040,5.136,409.5,2.1160
19.658,20008,0,0,5.052,417.7,2.1080,5.140,408.9,2.0980
19.678,20028,0,0,5.048,416.3,2.1000,5.140,410.1,2.0980
19.699,20048,0,0,5.048,419.3,2.0940,5.144,363.6,2.1040
19.719,20068,0,0,5.052,418.6,2.1000,5.136,409.6,2.1080
19.740,20088,0,0,5.048,417.4,2.1080,5.140,409.9,2.1000
19.760,20108,0,0,5.044,415.3,2.0980,5.140,411.2,2.1000
19.780,20128,0,0,5.048,420.4,2.1200,5.140,409.8,2.0980
19.797,20148,0,0,5.048,415.0,2.1200,5.136,379.6,2.0620
19.818,20168,0,0,5.044,415.4,2.1080,5.136,411.2,2.1040
19.838,20188,0,0,5.052,412.9,2.0880,5.136,410.4,2.1000
19.858,20208,0,0,5.048,415.1,2.0940,5.140,409.6,2.0940
19.879,20228,0,0,5.048,415.3,2.0980,5.136,410.5,2.1040
19.899,20248,0,0,5.048,419.0,2.0980,5.144,362.0,2.1080
19.920,20268,0,0,5.040,417.5,2.1000,5.136,410.8,2.1080
19.940,20288,0,0,5.076,418.1,2.1200,5.136,409.7,2.0940
19.961,20308,0,0,5.040,413.9,2.0900,5.140,409.7,2.0940
19.977,20328,0,0,5.048,422.6,2.1360,5.140,410.4,2.1080
19.998,20348,0,0,5.048,418.8,2.1140,5.144,412.3,2.1080
20.018,20368,0,0,5.048,414.6,2.1100,5.140,410.5,2.1000
20.039,20388,0,0,5.084,413.2,2.0980,5.136,413.6,2.1160
20.059,20408,0,0,5.048,418.0,2.1100,5.136,410.3,2.1000
20.080,20428,0,0,5.048,419.4,2.1200,5.136,419.7,2.1440
20.100,20448,0,0,5.044,416.4,2.1200,5.148,376.0,1.9300
20.120,20468,0,0,5.052,416.8,2.1200,5.140,417.7,2.1360
20.137,20488,0,0,5.032,427.6,2.1660,5.140,410.5,2.1000
20.158,20508,0,0,5.044,417.4,2.1100,5.140,419.0,2.1400
20.178,20528,0,0,5.048,418.0,2.1100,5.140,409.7,2.1040
20.198,20548,0,0,5.044,413.8,2.1260,5.140,418.7,2.1440
20.219,20568,0,0,5.048,415.5,2.0980,5.136,410.5,2.0980
20.239,20588,0,0,5.044,462.6,2.3200,5.140,424.9,2.1400
20.260,20608,0,0,5.044,418.6,2.1140,5.140,410.9,2.1040
20.280,20628,0,0,5.048,420.4,2.1200,5.136,418.2,2.1460
20.301,20648,0,0,5.044,418.9,2.1000,5.148,408.5,2.0940
20.317,20668,0,0,5.052,419.6,2.1100,5.136,418.6,2.1440
20.338,20688,0,0,5.048,426.2,2.1440,5.128,450.0,2.2700
20.358,20708,0,0,5.048,418.7,2.1140,5.140,417.0,2.1440
20.379,20728,0,0,5.048,421.9,2.1260,5.144,411.2,2.1080
20.399,20748,0,0,5.048,414.7,2.1200,5.140,418.0,2.1400
20.419,20768,0,0,5.048,417.4,2.1200,5.132,443.2,2.2680
20.440,20788,0,0,5.048,419.1,2.1160,5.128,460.5,2.3620
20.460,20808,0,0,5.048,420.4,2.1200,5.116,505.8,2.6700
20.477,20828,0,0,5.044,419.6,2.1160,5.124,448.5,2.2940
20.498,20848,0,0,5.052,417.4,2.1040,5.148,407.1,2.0880
20.518,20868,0,0,5.052,414.2,2.1360,5.136,414.0,2.1240
20.538,20888,0,0,5.044,416.9,2.1040,5.140,409.8,2.1140
20.559,20908,0,0,5.056,414.7,2.0940,5.136,418.0,2.1440
20.579,20928,0,0,5.048,414.4,2.0900,5.140,410.1,2.0980
20.600,20948,0,0,5.048,418.4,2.1100,5.132,418.8,2.1360
20.620,20968,0,0,5.048,418.2,2.1040,5.140,409.0,2.1040
20.641,20988,0,0,5.048,418.9,2.1140,5.128,470.5,2.3780
20.657,21008,0,0,5.052,415.9,2.1000,5.128,467.7,2.3880
20.678,21028,0,0,5.044,418.1,2.1100,5.140,421.7,2.1600
20.698,21048,0,0,5.044,416.9,2.1000,5.148,409.6,2.1040
20.719,21068,0,0,5.052,417.8,2.1140,5.140,418.6,2.1620
20.739,21088,0,0,5.048,418.6,2.1100,5.140,410.3,2.1080
20.759,21108,0,0,5.064,416.7,2.1040,5.140,414.5,2.1200
20.780,21128,0,0,5.044,417.8,2.1100,5.144,412.7,2.1140
20.800,21148,0,0,5.036,419.8,2.0980,5.140,410.2,2.1100
20.817,21168,0,0,5.052,416.1,2.1040,5.136,409.0,2.1080
20.837,21188,0,0,5.052,414.1,2.0880,5.140,409.6,2.0980
20.858,21208,0,0,5.084,412.8,2.0980,5.136,413.6,2.1140
20.878,21228,0,0,5.044,419.8,2.1200,5.136,412.6,2.0940
20.899,21248,0,0,5.048,414.6,2.1160,5.144,409.3,2.1040
20.919,21268,0,0,5.048,415.3,2.1160,5.140,410.1,2.1080
20.940,21288,0,0,5.048,416.3,2.1000,5.140,409.7,2.0940
20.960,21308,0,0,5.056,419.0,2.1300,5.140,409.6,2.0940
20.981,21328,0,0,5.052,417.1,2.1040,5.144,413.0,1.9700
20.997,21348,0,0,5.044,417.3,2.0940,5.136,409.8,2.1000
21.018,21368,0,0,5.048,414.9,2.1160,5.140,409.2,2.0980
21.038,21388,0,0,5.044,414.0,2.0900,5.140,409.2,2.0980
21.059,21408,0,0,5.012,450.7,2.2800,5.140,409.8,2.0980
21.079,21428,0,0,5.044,420.3,2.1160,5.140,409.6,2.1040
21.099,21448,0,0,5.052,416.6,2.1200,5.136,409.4,2.1000
21.120,21468,0,0,5.048,414.7,2.1200,5.140,407.7,2.0900
21.140,21488,0,0,5.048,419.1,2.1160,5.140,410.6,2.1000
21.157,21508,0,0,5.040,429.3,2.1600,5.128,451.9,2.2440
21.178,21528,0,0,5.048,417.4,2.1080,5.140,410.8,1.8940
21.198,21548,0,0,5.040,420.8,2.1000,5.148,410.5,2.1040
21.218,21568,0,0,5.048,416.2,2.1000,5.140,411.8,2.1080
21.239,21588,0,0,5.052,415.3,2.0980,5.140,410.0,2.1000
21.259,21608,0,0,5.048,415.6,2.0940,5.140,424.7,2.3100
21.280,21628,0,0,5.048,419.8,2.0980,5.136,408.5,1.8900
21.300,21648,0,0,5.040,415.4,2.1160,5.140,409.6,2.0940
21.321,21668,0,0,5.044,417.8,2.1000,5.140,412.8,2.1100
21.337,21688,0,0,5.048,424.6,2.1460,5.140,410.5,2.1000
21.358,21708,0,0,5.048,418.9,2.1160,5.136,410.4,2.1400
21.378,21728,0,0,5.048,419.1,2.0900,5.140,411.9,2.1140
21.399,21748,0,0,5.048,415.2,2.1000,5.140,409.4,2.0980
21.419,21768,0,0,5.040,418.7,2.1100,5.140,417.8,2.1200
21.439,21788,0,0,5.048,416.3,2.1000,5.140,409.4,2.0980
21.460,21808,0,0,5.048,416.8,2.1040,5.124,484.7,2.3760
21.480,21828,0,0,5.048,414.0,2.1200,5.140,414.5,2.1260
21.497,21848,0,0,5.048,418.8,2.1000,5.140,416.2,2.1260
21.518,21868,0,0,5.048,415.1,2.1160,5.140,406.8,2.0980
21.538,21888,0,0,5.048,419.2,2.1140,5.136,417.4,2.1360
21.558,21908,0,0,5.044,415.7,2.0980,5.136,410.9,2.1080
21.579,21928,0,0,5.052,416.7,2.0880,5.136,366.5,1.8740
21.599,21948,0,0,5.040,421.0,2.0880,5.140,409.6,2.1040
21.620,21968,0,0,5.048,419.5,2.0940,5.136,417.4,2.1500
21.640,21988,0,0,5.048,415.8,2.0980,5.136,410.4,2.1000
21.661,22008,0,0,5.040,414.4,2.0900,5.136,420.1,2.1500
21.677,22028,0,0,5.080,415.4,2.1000,5.136,379.6,1.9500
21.698,22048,0,0,5.052,419.9,2.1080,5.136,419.0,2.1440
21.718,22068,0,0,5.048,416.9,2.1200,5.136,409.5,2.1040
21.739,22088,0,0,5.052,416.2,2.1000,5.136,417.0,2.1400
21.759,22108,0,0,5.048,422.0,2.1340,5.140,409.9,2.0980
21.779,22128,0,0,5.076,415.1,2.1240,5.136,367.9,1.8840
21.800,22148,0,0,5.052,415.4,2.1200,5.144,410.0,2.1080
21.820,22168,0,0,5.048,416.8,2.1200,5.136,417.2,2.1440
21.837,22188,0,0,5.056,415.3,2.0980,5.140,409.5,2.0980
21.857,22208,0,0,5.044,414.4,2.0900,5.140,416.2,2.1260
21.878,22228,0,0,5.024,470.1,2.1880,5.140,366.0,2.0940
21.898,22248,0,0,5.048,417.9,2.1160,5.140,417.0,2.1440
21.919,22268,0,0,5.048,418.8,2.0900,5.140,410.3,2.1040
21.939,22288,0,0,5.048,422.7,2.1260,5.140,416.8,2.1300
21.960,22308,0,0,5.040,427.9,2.1560,5.140,410.0,2.0980
21.980,22328,0,0,5.036,447.7,2.3140,5.132,435.6,1.9720
22.001,22348,0,0,5.044,417.4,2.0880,5.140,409.8,2.1080
22.017,22368,0,0,5.048,420.9,2.1080,5.140,419.7,2.1500
22.038,22388,0,0,5.044,415.3,2.0980,5.140,410.3,2.1000
22.058,22408,0,0,5.048,416.2,2.1000,5.136,418.6,2.1520
22.079,22428,0,0,5.048,421.0,2.1200,5.128,405.6,2.3040
22.099,22448,0,0,5.048,417.7,2.1160,5.136,417.0,2.1400
22.119,22468,0,0,5.048,415.7,2.1160,5.140,409.6,2.0940
22.140,22488,0,0,5.040,448.4,2.2540,5.140,412.2,2.1080
22.160,22508,0,0,5.036,449.7,2.2640,5.140,409.9,2.1040
22.177,22528,0,0,5.028,452.8,2.2640,5.140,392.3,2.0420
22.197,22548,0,0,5.028,450.2,2.2680,5.140,410.3,2.1040
22.218,22568,0,0,5.056,418.3,2.1140,5.136,410.2,2.0980
22.238,22588,0,0,5.044,420.2,2.1200,5.140,409.7,2.1000
22.259,22608,0,0,5.040,421.2,2.1260,5.140,410.0,2.1100
22.279,22628,0,0,5.048,415.4,2.1200,5.140,360.1,1.8480
22.300,22648,0,0,5.048,415.2,2.1140,5.136,409.8,2.0980
22.320,22668,0,0,5.048,414.6,2.0940,5.140,409.7,2.0940
22.341,22688,0,0,5.048,420.1,2.1200,5.140,413.1,2.1000
22.357,22708,0,0,5.048,419.7,2.1160,5.140,409.2,2.1040
22.378,22728,0,0,5.044,414.9,2.1140,5.140,403.0,2.0680
22.398,22748,0,0,5.052,419.1,2.1100,5.140,411.1,2.1000
22.418,22768,0,0,5.044,415.4,2.0980,5.140,409.6,2.0940
22.439,22788,0,0,5.052,419.8,2.1200,5.140,408.8,2.1040
22.459,22808,0,0,5.044,414.6,2.0900,5.136,426.3,2.4440
22.480,22828,0,0,5.044,415.3,2.1140,5.132,405.8,2.0780
22.500,22848,0,0,5.064,414.7,2.1160,5.132,455.6,2.3260
22.521,22868,0,0,5.048,418.2,2.1100,5.140,407.2,2.0880
22.537,22888,0,0,5.048,420.9,2.1240,5.140,409.7,2.1040
22.558,22908,0,0,5.048,417.4,2.1080,5.140,409.8,2.1000
22.578,22928,0,0,5.056,414.8,2.1200,5.144,409.3,2.1000
22.599,22948,0,0,5.080,412.2,2.1100,5.136,409.8,2.0940
22.619,22968,0,0,5.048,420.5,2.1240,5.144,410.7,2.1040
22.640,22988,0,0,5.048,417.3,2.1080,5.136,410.0,2.1140
22.660,23008,0,0,5.040,419.3,2.1160,5.140,409.4,2.1000
22.681,23028,0,0,5.040,415.3,2.1260,5.144,410.8,2.1000
22.697,23048,0,0,5.040,424.7,2.1240,5.140,409.0,2.1000
22.718,23068,0,0,5.048,419.5,2.1200,5.140,410.8,2.1100
22.738,23088,0,0,5.048,420.2,2.1200,5.140,409.5,2.1000
22.759,23108,0,0,5.048,417.3,2.1040,5.140,409.6,2.0940
22.779,23128,0,0,5.048,416.6,2.0980,5.144,358.0,2.1000
22.800,23148,0,0,5.004,461.2,2.3100,5.140,419.4,2.1080
22.820,23168,0,0,5.048,417.9,2.1100,5.136,410.7,2.1040
22.840,23188,0,0,5.052,417.0,2.1040,5.144,415.1,2.1260
22.861,23208,0,0,5.044,419.1,2.1140,5.136,410.4,2.0980
22.877,23228,0,0,5.044,415.1,2.1200,5.144,402.9,2.1360
22.898,23248,0,0,5.036,432.8,2.3060,5.128,449.3,2.3560
22.918,23268,0,0,5.052,421.1,2.1260,5.140,417.8,2.1440
22.939,23288,0,0,5.044,418.5,2.1100,5.140,409.3,2.1000
22.959,23308,0,0,5.044,419.9,2.1160,5.140,418.9,2.1440
22.980,23328,0,0,5.044,416.7,2.1160,5.140,411.9,2.1240
23.000,23348,0,0,5.044,418.7,2.0940,5.136,424.6,2.3260
23.020,23368,0,0,5.044,415.7,2.0980,5.140,409.6,2.0980
23.037,23388,0,0,5.048,415.4,2.0980,5.140,416.2,2.1260
23.063,23408,0,0,5.052,415.0,2.0940,5.140,410.0,2.0980
23.078,23428,0,0,5.048,415.1,2.1200,5.148,414.5,2.1460
23.099,23448,0,0,5.044,420.1,2.0940,5.140,409.4,2.1040
23.119,23468,0,0,5.052,418.6,2.1140,5.140,417.2,2.1340
23.139,23488,0,0,5.040,414.5,2.0940,5.140,410.3,2.1000
23.160,23508,0,0,5.048,419.1,2.1140,5.140,417.5,2.1300
23.180,23528,0,0,5.044,424.7,2.1300,5.132,441.9,2.2700
23.201,23548,0,0,5.048,419.8,2.1000,5.132,450.4,2.3040
23.217,23568,0,0,5.052,415.8,2.1000,5.132,442.8,2.2620
23.238,23588,0,0,5.048,417.3,2.1040,5.132,450.1,2.3060
23.258,23608,0,0,5.048,418.2,2.1080,5.140,409.5,2.0980
23.279,23628,0,0,5.048,414.2,2.1240,5.136,416.4,2.1360
23.299,23648,0,0,5.040,416.6,2.1000,5.140,409.9,2.0940
23.320,23668,0,0,5.064,412.7,2.0840,5.136,417.4,2.1360
23.340,23688,0,0,5.048,414.8,2.0940,5.140,409.3,2.1100
23.360,23708,0,0,5.048,420.5,2.0980,5.136,417.1,2.0540
23.377,23728,0,0,5.048,416.3,2.1160,5.148,410.3,2.1040
23.398,23748,0,0,5.048,415.7,2.1240,5.136,418.7,2.1440
23.418,23768,0,0,5.084,413.9,2.1000,5.136,410.7,2.1000
23.439,23788,0,0,5.040,414.2,2.0900,5.136,419.7,2.1400
23.459,23808,0,0,5.048,420.7,2.1000,5.124,472.8,2.3360
23.479,23828,0,0,5.044,415.7,2.1200,5.144,417.7,2.1360
23.500,23848,0,0,5.048,414.2,2.1140,5.140,407.3,2.0880
23.520,23868,0,0,5.064,418.4,2.1240,5.140,410.4,2.1520
23.541,23888,0,0,5.044,413.9,2.0900,5.140,409.8,2.1040
23.558,23908,0,0,5.044,415.3,2.1100,5.140,410.4,2.1040
23.578,23928,0,0,5.048,416.6,2.1100,5.144,410.4,2.0980
23.598,23948,0,0,5.048,419.1,2.0940,5.136,409.2,2.1040
23.619,23968,0,0,5.008,441.0,2.2340,5.140,409.3,2.1000
23.639,23988,0,0,5.048,417.4,2.1100,5.136,409.9,2.1040
23.660,24008,0,0,5.044,414.9,2.1100,5.136,408.3,2.0940
23.680,24028,0,0,5.048,416.0,2.1140,5.140,409.5,2.1040
23.701,24048,0,0,5.044,417.7,2.1000,5.140,409.5,2.1080
23.717,24068,0,0,5.048,434.6,2.1820,5.132,449.7,2.1200
23.738,24088,0,0,5.048,420.7,2.1240,5.140,409.5,2.1000
23.758,24108,0,0,5.044,417.0,2.1240,5.140,408.7,2.0980
23.779,24128,0,0,5.048,420.6,2.0940,5.144,409.0,2.0980
23.799,24148,0,0,5.048,422.4,2.0980,5.140,411.6,2.1240
23.819,24168,0,0,5.048,421.9,2.1260,5.136,450.4,2.3300
23.840,24188,0,0,5.048,414.5,2.0940,5.140,410.2,2.1000
23.860,24208,0,0,5.048,414.3,2.1200,5.140,406.2,2.0840
23.881,24228,0,0,5.044,419.5,2.1080,5.140,408.3,2.1040
23.897,24248,0,0,5.044,420.1,2.1100,5.140,409.9,2.1040
23.918,24268,0,0,5.048,415.5,2.0980,5.140,416.4,2.1360
23.938,24288,0,0,5.048,417.3,2.1040,5.140,409.8,2.0940
23.959,24308,0,0,5.052,414.0,2.1240,5.136,361.6,1.8520
23.979,24328,0,0,5.048,413.9,2.1360,5.140,409.8,2.1040
24.000,24348,0,0,5.044,419.6,2.1040,5.140,410.2,2.1000
24.020,24368,0,0,5.048,419.5,2.1160,5.136,408.9,2.0980
